run,trajectory,cost
1,"[0, 28, 146, 27, 224, 206, 142, 72, 204, 193, 176, 179, 185, 174, 115, 232, 241, 249, 80, 51, 216, 95, 192, 70, 155, 118, 96, 12, 22, 134, 87, 139, 34, 140, 214, 188, 113, 85, 169, 67, 148, 4, 18, 42, 230, 86, 7, 171, 89, 104, 129, 137, 180, 90, 21, 6, 68, 33, 154, 45, 75, 11, 209, 82, 181, 122, 186, 13, 77, 114, 3, 225, 133, 163, 203, 14, 24, 149, 64, 59, 196, 227, 172, 200, 231, 69, 43, 243, 190, 207, 83, 65, 117, 53, 191, 128, 47, 54, 248, 99, 158, 78, 119, 20, 8, 94, 71, 165, 121, 110, 55, 233, 201, 197, 46, 135, 93, 88, 245, 120, 58, 177, 237, 210, 32, 123, 125, 215, 44, 10, 239, 205, 198, 56, 195, 189, 66, 184, 126, 5, 76, 15, 73, 183, 173, 235, 109, 1, 26, 136, 219, 157, 112, 156, 30, 138, 236, 166, 124, 16, 39, 170, 194, 40, 38, 150, 98, 97, 52, 144, 153, 41, 212, 102, 244, 226, 159, 213, 217, 105, 178, 35, 242, 106, 160, 202, 81, 175, 92, 218, 220, 60, 48, 147, 111, 152, 151, 223, 62, 50, 61, 208, 31, 91, 100, 182, 79, 145, 19, 161, 36, 127, 23, 74, 29, 25, 168, 84, 107, 57, 17, 240, 132, 2, 101, 167, 37, 199, 162, 63, 131, 187, 246, 108, 221, 247, 222, 9, 103, 228, 130, 116, 234, 164, 141, 238, 211, 49, 229, 143]","(451.0, 15263.899999999996)"
1,"[0, 33, 120, 248, 72, 214, 22, 230, 169, 51, 206, 201, 87, 27, 210, 96, 3, 193, 192, 249, 104, 179, 34, 126, 227, 11, 137, 45, 90, 113, 209, 4, 86, 225, 115, 171, 77, 158, 148, 6, 114, 155, 241, 44, 190, 181, 42, 203, 43, 123, 146, 59, 64, 185, 95, 53, 207, 195, 235, 21, 89, 170, 149, 204, 117, 184, 18, 99, 85, 197, 172, 118, 133, 32, 224, 144, 14, 54, 176, 83, 196, 134, 156, 189, 202, 216, 140, 231, 26, 46, 39, 142, 226, 232, 174, 128, 198, 78, 13, 82, 127, 200, 188, 139, 69, 94, 67, 106, 108, 191, 12, 36, 234, 129, 233, 177, 178, 71, 245, 103, 47, 112, 242, 24, 31, 68, 28, 65, 49, 217, 80, 175, 186, 220, 57, 237, 180, 154, 97, 163, 25, 239, 76, 73, 16, 215, 109, 23, 138, 84, 219, 132, 41, 81, 30, 48, 55, 40, 205, 135, 75, 98, 37, 166, 101, 143, 236, 161, 7, 247, 165, 119, 88, 213, 168, 111, 8, 125, 10, 92, 243, 131, 70, 91, 211, 173, 238, 136, 147, 150, 56, 60, 157, 221, 244, 151, 229, 29, 208, 50, 124, 19, 5, 1, 15, 105, 63, 130, 35, 240, 102, 153, 121, 74, 199, 20, 107, 100, 167, 218, 17, 58, 122, 2, 38, 222, 160, 194, 152, 79, 162, 187, 246, 228, 141, 110, 223, 9, 93, 183, 212, 159, 62, 182, 66, 145, 164, 52, 116, 61]","(32.90000000000004, 1677.0000000000016)"
1,"[0, 43, 223, 169, 39, 6, 72, 181, 42, 170, 51, 163, 34, 156, 87, 172, 115, 57, 248, 134, 3, 22, 186, 235, 185, 193, 176, 249, 226, 86, 99, 155, 227, 54, 171, 133, 158, 11, 38, 33, 113, 174, 126, 45, 73, 4, 210, 237, 188, 123, 69, 59, 220, 106, 245, 135, 96, 14, 201, 204, 146, 44, 47, 97, 192, 232, 153, 179, 112, 117, 225, 206, 53, 76, 80, 144, 241, 77, 119, 114, 40, 120, 139, 84, 202, 91, 26, 151, 148, 142, 104, 118, 230, 83, 67, 25, 191, 198, 12, 195, 242, 200, 165, 190, 90, 94, 82, 137, 19, 28, 13, 27, 234, 213, 233, 10, 79, 218, 209, 103, 46, 71, 18, 24, 78, 23, 21, 49, 65, 207, 224, 95, 140, 63, 214, 108, 128, 168, 216, 124, 98, 221, 89, 150, 16, 159, 121, 58, 203, 109, 8, 100, 41, 166, 60, 161, 154, 7, 173, 149, 180, 167, 37, 85, 217, 93, 238, 68, 17, 107, 36, 129, 145, 147, 246, 143, 205, 125, 212, 187, 29, 152, 189, 177, 122, 30, 61, 136, 247, 92, 64, 208, 157, 178, 244, 101, 31, 240, 219, 111, 196, 35, 184, 215, 15, 105, 81, 20, 239, 231, 199, 48, 88, 74, 138, 182, 175, 5, 160, 197, 194, 55, 2, 141, 75, 222, 236, 243, 50, 70, 162, 127, 229, 228, 130, 102, 1, 9, 56, 183, 52, 132, 62, 164, 110, 131, 66, 211, 116, 32]","(423.0000000000003, 14699.600000000013)"
1,"[0, 51, 214, 193, 3, 72, 22, 169, 87, 120, 249, 201, 206, 27, 210, 96, 126, 248, 192, 33, 104, 179, 34, 11, 227, 230, 137, 45, 90, 113, 241, 4, 86, 225, 115, 171, 77, 158, 148, 6, 114, 155, 209, 44, 190, 43, 42, 203, 181, 123, 146, 59, 64, 185, 95, 53, 207, 195, 235, 21, 89, 13, 149, 204, 117, 184, 18, 99, 118, 197, 172, 85, 133, 32, 224, 144, 14, 54, 176, 83, 196, 134, 156, 189, 202, 216, 140, 231, 26, 46, 39, 142, 226, 232, 174, 128, 198, 78, 170, 82, 127, 200, 188, 139, 69, 94, 67, 106, 108, 191, 12, 36, 234, 129, 233, 177, 178, 71, 245, 103, 47, 112, 242, 24, 31, 68, 28, 65, 136, 91, 80, 175, 186, 220, 57, 237, 180, 154, 97, 163, 25, 239, 76, 73, 16, 215, 109, 23, 138, 84, 219, 132, 41, 81, 30, 48, 55, 40, 205, 135, 75, 98, 37, 166, 101, 143, 236, 161, 7, 182, 165, 119, 88, 213, 168, 111, 8, 125, 10, 92, 243, 131, 70, 217, 211, 173, 238, 49, 107, 150, 56, 60, 157, 221, 244, 151, 229, 29, 208, 50, 124, 19, 1, 5, 15, 105, 63, 130, 35, 240, 102, 153, 121, 147, 199, 20, 74, 100, 167, 218, 17, 2, 122, 58, 38, 222, 160, 194, 152, 79, 162, 187, 141, 228, 246, 110, 223, 9, 93, 183, 212, 159, 62, 247, 66, 145, 164, 52, 116, 61]","(71.5000000000001, 2624.4)"
1,"[0, 72, 214, 248, 33, 120, 22, 11, 169, 51, 201, 210, 87, 27, 206, 3, 96, 193, 192, 249, 104, 179, 34, 126, 227, 230, 137, 45, 90, 113, 209, 4, 86, 225, 115, 171, 77, 158, 148, 6, 114, 241, 155, 44, 190, 181, 42, 203, 43, 123, 146, 59, 64, 185, 95, 53, 207, 195, 235, 21, 89, 170, 149, 204, 117, 184, 18, 99, 85, 197, 172, 118, 133, 32, 224, 144, 14, 54, 176, 83, 196, 134, 156, 189, 202, 216, 140, 231, 26, 46, 39, 226, 142, 232, 174, 128, 198, 78, 13, 82, 127, 200, 188, 139, 69, 94, 67, 106, 108, 191, 12, 36, 234, 129, 233, 177, 178, 71, 245, 103, 47, 112, 242, 24, 31, 68, 28, 65, 49, 217, 80, 175, 186, 220, 57, 237, 180, 154, 97, 163, 25, 239, 76, 73, 16, 215, 109, 23, 138, 84, 219, 132, 41, 81, 30, 48, 55, 40, 205, 135, 75, 98, 37, 166, 101, 143, 236, 161, 7, 247, 165, 119, 88, 213, 168, 111, 8, 125, 10, 92, 243, 131, 70, 91, 211, 173, 238, 136, 147, 150, 56, 60, 157, 221, 244, 151, 229, 29, 208, 50, 124, 19, 1, 5, 15, 105, 63, 130, 35, 240, 102, 153, 121, 74, 199, 20, 107, 100, 167, 218, 17, 58, 122, 2, 38, 222, 194, 160, 152, 79, 162, 187, 246, 228, 141, 110, 223, 9, 93, 183, 212, 159, 62, 182, 66, 145, 164, 52, 116, 61]","(32.000000000000036, 1612.6000000000017)"
1,"[0, 72, 214, 248, 33, 120, 22, 11, 169, 51, 201, 210, 87, 27, 206, 96, 3, 193, 192, 249, 104, 179, 137, 126, 227, 230, 34, 45, 90, 113, 209, 4, 86, 225, 115, 171, 77, 158, 148, 6, 114, 155, 241, 44, 190, 181, 42, 203, 43, 123, 146, 59, 64, 185, 95, 53, 207, 195, 235, 21, 89, 170, 149, 204, 117, 184, 18, 99, 85, 197, 172, 118, 133, 32, 224, 144, 14, 54, 176, 83, 196, 134, 156, 189, 202, 216, 140, 231, 26, 46, 39, 142, 226, 232, 174, 128, 198, 78, 13, 82, 127, 200, 188, 139, 69, 94, 67, 106, 108, 191, 12, 36, 234, 129, 233, 177, 178, 71, 245, 103, 47, 112, 242, 24, 31, 68, 28, 65, 49, 217, 80, 175, 186, 220, 57, 237, 180, 154, 97, 163, 25, 239, 76, 73, 16, 215, 109, 23, 138, 84, 219, 132, 41, 81, 30, 48, 55, 40, 205, 135, 75, 98, 37, 166, 101, 143, 236, 161, 7, 247, 165, 119, 88, 213, 168, 111, 8, 125, 10, 92, 243, 131, 70, 91, 211, 173, 238, 136, 147, 150, 56, 60, 157, 221, 244, 151, 229, 29, 208, 50, 124, 19, 1, 5, 15, 105, 63, 130, 35, 240, 102, 153, 121, 74, 199, 20, 107, 100, 167, 218, 17, 58, 122, 2, 38, 222, 160, 194, 152, 79, 162, 187, 246, 228, 141, 110, 223, 9, 93, 183, 212, 159, 62, 182, 66, 145, 164, 52, 116, 61]","(32.20000000000004, 1616.5000000000016)"
1,"[0, 72, 214, 248, 33, 120, 22, 11, 169, 51, 206, 201, 87, 27, 210, 96, 3, 193, 192, 249, 104, 179, 34, 126, 230, 227, 137, 45, 90, 113, 209, 4, 86, 225, 115, 171, 77, 158, 148, 6, 114, 155, 241, 44, 190, 181, 42, 203, 43, 123, 146, 59, 64, 185, 95, 53, 207, 195, 235, 21, 89, 170, 149, 204, 117, 184, 18, 99, 85, 197, 172, 118, 133, 32, 224, 144, 14, 54, 176, 83, 196, 134, 156, 189, 202, 216, 140, 231, 26, 46, 39, 142, 226, 232, 174, 128, 198, 78, 13, 82, 127, 200, 188, 139, 69, 94, 67, 106, 108, 191, 12, 36, 234, 129, 233, 177, 178, 71, 245, 103, 47, 112, 242, 24, 31, 68, 28, 65, 49, 217, 80, 175, 186, 220, 57, 237, 180, 154, 97, 163, 25, 239, 76, 73, 16, 215, 109, 23, 138, 84, 219, 132, 41, 81, 30, 48, 55, 40, 205, 135, 75, 98, 37, 166, 101, 143, 236, 161, 7, 247, 165, 119, 88, 213, 168, 111, 8, 125, 10, 92, 243, 131, 70, 91, 211, 173, 238, 136, 147, 150, 56, 60, 157, 221, 244, 151, 229, 29, 208, 124, 50, 19, 1, 5, 15, 105, 63, 130, 35, 240, 102, 153, 121, 74, 199, 20, 107, 100, 167, 218, 17, 58, 122, 2, 38, 222, 160, 194, 152, 79, 162, 187, 246, 228, 141, 110, 223, 9, 93, 183, 212, 159, 62, 182, 66, 145, 164, 52, 116, 61]","(32.20000000000004, 1583.6000000000015)"
1,"[0, 72, 214, 248, 33, 120, 22, 11, 169, 51, 206, 210, 87, 27, 201, 96, 3, 193, 192, 249, 104, 179, 34, 126, 227, 230, 137, 45, 90, 113, 209, 4, 86, 225, 115, 171, 77, 158, 148, 6, 114, 155, 241, 44, 190, 181, 42, 203, 43, 123, 146, 59, 64, 185, 95, 53, 207, 195, 235, 21, 89, 170, 149, 204, 117, 184, 18, 99, 85, 197, 172, 118, 133, 32, 224, 144, 14, 54, 176, 83, 196, 134, 156, 189, 202, 216, 140, 231, 26, 46, 39, 142, 226, 232, 174, 128, 198, 78, 13, 82, 127, 200, 188, 139, 69, 94, 67, 106, 108, 191, 12, 36, 234, 129, 233, 177, 178, 71, 245, 103, 47, 112, 242, 24, 31, 68, 28, 65, 49, 217, 80, 175, 186, 220, 57, 237, 180, 154, 97, 163, 25, 239, 76, 73, 16, 215, 109, 23, 138, 84, 219, 132, 41, 81, 30, 48, 55, 40, 205, 135, 75, 98, 37, 166, 101, 143, 236, 161, 7, 247, 165, 119, 88, 213, 168, 111, 8, 125, 10, 92, 243, 131, 70, 91, 211, 173, 238, 136, 147, 150, 56, 60, 157, 221, 244, 151, 229, 29, 208, 50, 124, 19, 1, 5, 15, 105, 63, 130, 35, 240, 102, 153, 121, 74, 199, 20, 107, 100, 167, 218, 17, 58, 122, 2, 38, 222, 160, 194, 152, 79, 162, 187, 246, 228, 141, 110, 223, 9, 93, 183, 212, 159, 62, 182, 66, 145, 164, 52, 116, 61]","(32.30000000000004, 1596.5000000000018)"
1,"[0, 112, 21, 181, 172, 96, 197, 193, 128, 192, 226, 3, 140, 169, 220, 33, 129, 87, 39, 201, 216, 206, 142, 137, 242, 149, 115, 207, 71, 179, 184, 94, 77, 118, 210, 237, 214, 90, 32, 6, 31, 13, 249, 67, 11, 139, 155, 65, 53, 148, 200, 5, 215, 230, 117, 48, 198, 59, 235, 114, 89, 76, 123, 97, 45, 224, 233, 154, 85, 44, 100, 190, 109, 95, 176, 203, 72, 12, 51, 83, 43, 28, 188, 86, 120, 204, 113, 170, 4, 46, 82, 25, 144, 158, 209, 156, 171, 78, 208, 225, 231, 105, 178, 42, 54, 103, 126, 106, 151, 47, 22, 247, 104, 130, 34, 41, 18, 68, 245, 248, 23, 66, 127, 186, 27, 234, 173, 49, 88, 2, 132, 243, 143, 133, 227, 177, 191, 146, 194, 168, 189, 135, 26, 81, 185, 229, 84, 238, 219, 60, 138, 175, 153, 73, 14, 165, 134, 40, 182, 99, 205, 110, 91, 239, 199, 180, 150, 37, 36, 15, 121, 187, 102, 213, 80, 147, 163, 195, 246, 92, 24, 131, 161, 38, 211, 236, 93, 52, 223, 108, 56, 217, 157, 222, 212, 70, 152, 221, 1, 241, 232, 116, 183, 145, 167, 30, 162, 35, 57, 240, 119, 20, 174, 136, 79, 101, 124, 16, 111, 218, 17, 69, 122, 98, 202, 10, 160, 164, 74, 125, 19, 55, 29, 228, 7, 50, 61, 9, 62, 166, 64, 159, 63, 58, 107, 8, 196, 75, 244, 141]","(362.1, 16571.799999999996)"
1,"[0, 193, 96, 72, 3, 230, 206, 248, 169, 179, 192, 201, 214, 22, 210, 4, 190, 87, 27, 185, 104, 120, 34, 126, 227, 11, 51, 45, 59, 249, 148, 113, 86, 225, 115, 171, 85, 158, 209, 6, 90, 155, 241, 44, 33, 133, 118, 203, 43, 123, 177, 114, 42, 137, 95, 53, 195, 207, 235, 21, 117, 170, 149, 204, 89, 184, 18, 99, 77, 197, 172, 36, 181, 32, 224, 239, 14, 25, 140, 83, 196, 134, 156, 189, 202, 216, 176, 231, 26, 46, 39, 127, 226, 232, 174, 128, 186, 78, 13, 82, 142, 200, 188, 139, 69, 94, 67, 106, 108, 103, 12, 64, 234, 129, 233, 146, 178, 92, 245, 191, 47, 112, 242, 138, 31, 68, 28, 124, 49, 217, 70, 175, 198, 220, 57, 237, 180, 154, 97, 163, 54, 144, 63, 73, 16, 215, 109, 23, 24, 84, 219, 132, 41, 81, 30, 48, 213, 40, 205, 135, 168, 98, 37, 166, 101, 143, 236, 161, 7, 247, 165, 119, 88, 55, 75, 111, 223, 125, 10, 71, 243, 131, 80, 91, 211, 173, 238, 136, 147, 160, 60, 56, 157, 228, 52, 151, 229, 17, 208, 50, 65, 62, 1, 5, 15, 105, 76, 130, 35, 240, 102, 153, 121, 74, 199, 20, 107, 100, 167, 218, 29, 58, 122, 2, 38, 222, 150, 194, 152, 79, 162, 187, 246, 221, 145, 110, 8, 9, 93, 183, 212, 159, 19, 182, 66, 141, 164, 244, 116, 61]","(94.19999999999997, 7005.099999999999)"
1,"[0, 214, 87, 104, 248, 192, 33, 249, 51, 113, 144, 96, 206, 27, 210, 120, 3, 193, 22, 231, 11, 179, 34, 126, 227, 230, 137, 45, 90, 72, 209, 4, 86, 225, 155, 171, 77, 158, 148, 6, 114, 115, 241, 44, 190, 181, 42, 203, 43, 123, 146, 59, 64, 185, 95, 53, 207, 195, 204, 21, 89, 170, 149, 235, 117, 184, 18, 99, 217, 197, 172, 133, 118, 32, 224, 201, 14, 54, 233, 83, 196, 134, 156, 189, 202, 232, 140, 169, 26, 46, 39, 142, 226, 80, 174, 128, 198, 78, 13, 82, 127, 178, 188, 139, 69, 94, 67, 106, 108, 191, 12, 36, 234, 129, 176, 177, 216, 71, 245, 103, 136, 112, 242, 24, 31, 68, 28, 65, 49, 85, 40, 175, 186, 220, 57, 237, 180, 154, 97, 163, 25, 239, 76, 73, 16, 84, 109, 23, 138, 215, 219, 132, 41, 81, 30, 48, 55, 200, 205, 135, 75, 98, 37, 166, 101, 143, 236, 161, 7, 247, 165, 119, 29, 213, 168, 111, 66, 125, 10, 92, 243, 131, 70, 91, 211, 173, 238, 47, 147, 153, 56, 60, 157, 221, 244, 151, 229, 88, 208, 50, 124, 19, 1, 228, 15, 105, 63, 130, 35, 240, 160, 150, 121, 74, 199, 20, 107, 159, 218, 246, 17, 58, 122, 2, 38, 222, 102, 194, 79, 152, 162, 5, 167, 9, 141, 110, 223, 187, 93, 183, 212, 100, 62, 182, 8, 145, 164, 52, 116, 61]","(137.2999999999998, 4620.7999999999965)"
1,"[0, 225, 99, 77, 204, 4, 22, 235, 87, 142, 113, 108, 214, 137, 232, 248, 26, 201, 170, 104, 224, 148, 12, 249, 196, 3, 246, 120, 230, 189, 210, 65, 33, 76, 51, 134, 179, 184, 44, 82, 115, 202, 45, 39, 90, 78, 181, 203, 195, 42, 96, 172, 140, 86, 95, 89, 207, 146, 11, 239, 46, 169, 149, 67, 117, 18, 126, 14, 242, 91, 13, 200, 133, 43, 209, 139, 72, 54, 80, 155, 123, 10, 165, 71, 241, 216, 64, 186, 20, 190, 21, 206, 176, 156, 237, 192, 174, 75, 233, 130, 162, 185, 118, 53, 97, 94, 93, 191, 27, 23, 198, 226, 73, 129, 59, 70, 177, 193, 114, 106, 62, 55, 85, 199, 36, 34, 136, 171, 32, 217, 131, 112, 231, 40, 229, 37, 197, 8, 74, 58, 161, 227, 163, 116, 19, 41, 84, 125, 138, 158, 9, 69, 215, 24, 178, 109, 205, 220, 145, 107, 25, 60, 152, 159, 6, 187, 175, 128, 7, 151, 188, 144, 247, 31, 228, 111, 83, 166, 236, 244, 30, 243, 103, 102, 180, 238, 208, 121, 154, 150, 219, 147, 79, 221, 81, 49, 213, 68, 105, 98, 223, 160, 48, 5, 15, 127, 63, 122, 56, 52, 2, 141, 1, 132, 17, 119, 16, 100, 124, 218, 135, 157, 164, 245, 211, 28, 153, 194, 240, 101, 168, 50, 57, 35, 182, 110, 38, 222, 143, 183, 173, 167, 212, 88, 66, 47, 92, 234, 29, 61]","(222.10000000000005, 15293.099999999995)"
1,"[0, 227, 165, 230, 201, 14, 210, 196, 51, 118, 179, 4, 226, 86, 133, 137, 78, 206, 146, 120, 39, 6, 248, 90, 232, 169, 18, 44, 104, 192, 170, 11, 156, 113, 46, 126, 214, 158, 176, 33, 155, 200, 32, 34, 16, 72, 181, 172, 241, 195, 83, 53, 65, 42, 231, 203, 204, 95, 185, 139, 27, 98, 234, 35, 67, 117, 88, 77, 7, 198, 225, 12, 249, 106, 224, 142, 202, 114, 242, 85, 101, 71, 22, 154, 190, 115, 140, 184, 177, 166, 43, 148, 89, 64, 45, 128, 73, 26, 68, 21, 93, 3, 127, 245, 69, 54, 171, 186, 235, 37, 197, 173, 209, 138, 110, 109, 82, 87, 174, 188, 131, 47, 208, 24, 31, 191, 61, 102, 205, 96, 80, 243, 149, 74, 217, 19, 193, 108, 97, 99, 59, 112, 229, 189, 123, 239, 144, 23, 136, 122, 94, 132, 178, 15, 30, 211, 121, 40, 244, 135, 57, 50, 84, 236, 63, 216, 124, 161, 13, 129, 36, 175, 25, 213, 167, 238, 237, 125, 143, 20, 182, 180, 159, 233, 164, 160, 103, 221, 246, 150, 49, 60, 100, 70, 38, 8, 134, 75, 111, 28, 91, 157, 207, 79, 151, 52, 9, 56, 183, 5, 187, 219, 240, 153, 218, 2, 116, 220, 168, 29, 66, 58, 247, 199, 222, 163, 1, 194, 107, 141, 130, 76, 147, 228, 55, 41, 223, 215, 92, 48, 162, 10, 105, 145, 17, 119, 212, 62, 152, 81]","(452.4999999999998, 15065.300000000003)"
1,"[0, 248, 11, 209, 33, 120, 192, 169, 249, 230, 214, 179, 87, 27, 210, 96, 3, 193, 22, 206, 104, 201, 34, 126, 227, 51, 137, 45, 90, 6, 72, 4, 86, 225, 115, 171, 77, 158, 148, 113, 114, 155, 241, 44, 190, 197, 42, 203, 43, 123, 146, 53, 64, 185, 95, 59, 207, 195, 235, 21, 89, 170, 196, 204, 117, 184, 32, 99, 85, 181, 172, 118, 133, 18, 14, 144, 224, 54, 176, 83, 149, 134, 156, 189, 202, 216, 233, 142, 26, 46, 39, 231, 226, 140, 174, 128, 198, 78, 13, 82, 127, 200, 188, 139, 69, 94, 67, 106, 108, 191, 12, 36, 234, 129, 232, 177, 178, 71, 245, 103, 175, 112, 242, 24, 31, 68, 28, 84, 49, 217, 80, 47, 186, 220, 29, 237, 180, 154, 97, 163, 25, 211, 76, 73, 16, 215, 109, 23, 138, 65, 219, 132, 41, 81, 30, 48, 55, 40, 205, 131, 135, 98, 37, 166, 101, 143, 236, 161, 7, 247, 159, 119, 88, 213, 168, 111, 8, 125, 10, 92, 239, 228, 70, 91, 35, 2, 238, 136, 147, 162, 56, 60, 157, 221, 244, 151, 110, 57, 208, 50, 124, 19, 1, 5, 15, 105, 63, 240, 243, 130, 102, 153, 121, 141, 199, 100, 107, 20, 167, 218, 17, 58, 194, 173, 38, 222, 160, 122, 152, 79, 150, 187, 246, 75, 74, 229, 223, 9, 93, 52, 212, 165, 62, 182, 66, 145, 164, 183, 116, 61]","(153.89999999999995, 5208.099999999994)"
1,"[0, 248, 72, 214, 22, 11, 169, 120, 33, 51, 206, 201, 87, 27, 210, 96, 3, 193, 192, 249, 104, 179, 230, 126, 227, 34, 137, 45, 90, 113, 209, 4, 86, 225, 115, 171, 77, 158, 148, 6, 114, 155, 241, 44, 190, 181, 42, 43, 203, 123, 146, 59, 64, 185, 95, 53, 207, 195, 235, 21, 89, 170, 149, 204, 117, 184, 18, 99, 85, 197, 172, 118, 133, 32, 224, 144, 14, 54, 176, 83, 196, 134, 156, 189, 202, 216, 140, 231, 80, 46, 39, 142, 226, 232, 174, 128, 198, 78, 13, 82, 127, 200, 188, 139, 69, 94, 67, 106, 108, 191, 12, 36, 234, 129, 233, 177, 178, 71, 245, 103, 47, 112, 242, 24, 31, 68, 28, 65, 49, 217, 26, 175, 186, 220, 57, 237, 180, 154, 97, 163, 25, 239, 76, 73, 16, 215, 109, 23, 138, 84, 219, 132, 41, 81, 30, 48, 55, 40, 205, 135, 75, 98, 37, 166, 101, 143, 236, 161, 7, 247, 165, 119, 88, 213, 168, 111, 8, 125, 10, 61, 243, 131, 70, 173, 211, 91, 238, 136, 147, 150, 60, 56, 157, 221, 244, 151, 229, 29, 208, 50, 124, 19, 1, 5, 15, 105, 63, 130, 35, 240, 102, 153, 121, 74, 199, 20, 107, 100, 167, 218, 17, 58, 122, 2, 38, 222, 160, 194, 152, 79, 162, 187, 246, 228, 141, 110, 223, 9, 93, 183, 212, 159, 62, 182, 66, 145, 164, 52, 116, 92]","(34.20000000000005, 1885.1000000000013)"
1,"[0, 248, 72, 214, 33, 120, 22, 11, 169, 51, 206, 201, 87, 27, 210, 96, 192, 193, 3, 249, 104, 179, 34, 126, 227, 230, 137, 45, 90, 113, 209, 4, 86, 225, 115, 171, 77, 158, 148, 6, 114, 155, 241, 44, 190, 181, 42, 203, 43, 123, 146, 59, 64, 185, 95, 53, 207, 195, 235, 21, 89, 170, 149, 204, 117, 184, 18, 99, 85, 197, 172, 118, 133, 32, 224, 144, 14, 54, 176, 83, 196, 134, 156, 189, 202, 216, 140, 231, 232, 46, 39, 142, 226, 26, 174, 128, 198, 78, 13, 82, 127, 200, 188, 139, 69, 94, 67, 106, 108, 191, 12, 36, 234, 129, 233, 177, 178, 71, 245, 103, 47, 112, 242, 24, 31, 68, 28, 65, 49, 217, 80, 175, 186, 220, 57, 237, 180, 154, 97, 163, 25, 239, 76, 73, 16, 215, 109, 23, 138, 84, 219, 132, 41, 81, 30, 48, 55, 40, 205, 135, 75, 98, 37, 166, 101, 143, 236, 161, 7, 247, 165, 119, 88, 213, 168, 111, 8, 125, 10, 92, 243, 131, 70, 91, 211, 173, 238, 136, 147, 150, 56, 60, 157, 221, 244, 151, 229, 29, 208, 50, 19, 124, 1, 5, 15, 105, 63, 130, 35, 240, 102, 153, 121, 74, 199, 20, 107, 100, 167, 218, 17, 58, 122, 2, 38, 222, 160, 194, 152, 79, 162, 187, 246, 228, 141, 110, 223, 9, 93, 183, 212, 159, 62, 182, 66, 145, 164, 52, 116, 61]","(32.600000000000044, 1643.8000000000013)"
1,"[0, 248, 214, 72, 33, 120, 22, 11, 169, 51, 206, 201, 87, 27, 210, 96, 3, 193, 192, 249, 104, 179, 34, 230, 227, 126, 137, 45, 90, 113, 209, 4, 86, 225, 115, 171, 77, 158, 148, 6, 114, 155, 241, 44, 190, 181, 42, 203, 43, 123, 146, 59, 64, 185, 95, 53, 207, 195, 235, 21, 89, 170, 149, 204, 117, 184, 18, 99, 85, 197, 172, 118, 133, 32, 224, 144, 14, 54, 176, 83, 196, 134, 156, 189, 202, 216, 140, 231, 26, 46, 39, 142, 226, 232, 174, 128, 198, 78, 13, 82, 127, 200, 188, 139, 69, 94, 67, 106, 108, 191, 12, 36, 234, 129, 233, 177, 178, 71, 245, 103, 47, 112, 242, 24, 31, 68, 28, 65, 49, 217, 80, 175, 186, 220, 57, 237, 180, 154, 97, 163, 25, 239, 76, 73, 16, 215, 109, 23, 138, 84, 219, 132, 41, 81, 30, 48, 55, 40, 205, 135, 75, 98, 37, 166, 101, 143, 236, 161, 7, 247, 165, 119, 88, 213, 168, 111, 8, 125, 10, 92, 243, 131, 70, 91, 211, 173, 238, 136, 147, 150, 56, 60, 157, 221, 244, 151, 229, 29, 208, 50, 124, 19, 1, 5, 15, 105, 63, 130, 35, 240, 102, 153, 121, 74, 199, 20, 107, 100, 167, 218, 17, 58, 122, 2, 38, 222, 160, 194, 152, 79, 162, 187, 246, 228, 141, 110, 223, 9, 93, 183, 212, 159, 62, 182, 66, 145, 164, 52, 116, 61]","(32.20000000000004, 1593.8000000000015)"
2,"[0, 22, 18, 54, 214, 72, 117, 192, 171, 51, 53, 34, 120, 87, 179, 248, 169, 96, 137, 241, 104, 27, 33, 3, 126, 230, 249, 89, 90, 227, 113, 99, 86, 225, 78, 201, 77, 158, 148, 6, 114, 95, 11, 44, 190, 181, 42, 155, 43, 123, 146, 59, 64, 207, 203, 206, 185, 195, 235, 21, 45, 170, 149, 210, 193, 184, 204, 4, 85, 13, 172, 118, 133, 198, 94, 144, 14, 209, 176, 83, 196, 134, 156, 189, 202, 97, 140, 231, 180, 40, 234, 224, 226, 232, 174, 128, 32, 166, 197, 65, 127, 200, 188, 139, 69, 142, 26, 70, 108, 191, 12, 36, 39, 129, 48, 177, 245, 91, 178, 103, 47, 112, 221, 24, 233, 68, 28, 55, 49, 217, 163, 175, 186, 220, 238, 237, 67, 154, 216, 80, 25, 130, 76, 73, 16, 215, 109, 23, 138, 111, 219, 132, 41, 81, 30, 31, 82, 46, 218, 135, 75, 98, 57, 115, 101, 143, 168, 161, 7, 247, 2, 119, 88, 213, 110, 8, 84, 182, 62, 92, 243, 131, 106, 71, 211, 150, 37, 136, 147, 173, 56, 60, 157, 10, 244, 151, 229, 29, 208, 50, 124, 121, 1, 5, 15, 105, 63, 239, 35, 122, 102, 153, 19, 74, 199, 20, 107, 52, 167, 205, 17, 58, 38, 228, 240, 9, 246, 100, 116, 79, 162, 223, 160, 165, 141, 236, 187, 222, 93, 183, 159, 212, 145, 125, 66, 242, 164, 194, 152, 61]","(104.19999999999999, 7823.4000000000015)"
2,"[0, 43, 179, 171, 94, 27, 224, 6, 33, 189, 45, 89, 249, 106, 113, 85, 201, 175, 227, 138, 3, 32, 34, 245, 117, 31, 192, 190, 71, 193, 99, 42, 21, 181, 90, 232, 169, 195, 83, 248, 146, 172, 115, 140, 11, 41, 137, 18, 209, 229, 233, 72, 202, 185, 191, 123, 207, 206, 101, 120, 133, 114, 118, 53, 22, 134, 105, 4, 241, 197, 198, 77, 64, 24, 86, 144, 73, 220, 44, 210, 196, 214, 156, 157, 81, 235, 95, 17, 26, 67, 28, 127, 226, 230, 25, 178, 176, 7, 23, 142, 91, 128, 87, 139, 69, 158, 5, 80, 174, 203, 149, 112, 234, 68, 96, 54, 51, 204, 205, 126, 61, 39, 221, 16, 57, 66, 12, 143, 170, 217, 82, 104, 186, 124, 59, 237, 35, 188, 103, 102, 154, 84, 108, 14, 212, 165, 150, 184, 1, 239, 78, 166, 130, 155, 15, 228, 164, 200, 76, 243, 75, 119, 97, 52, 177, 9, 129, 55, 215, 147, 100, 208, 93, 225, 38, 162, 70, 98, 10, 92, 47, 131, 247, 46, 213, 20, 238, 36, 135, 109, 2, 40, 246, 125, 58, 151, 110, 29, 62, 50, 159, 236, 211, 49, 30, 223, 153, 240, 187, 136, 116, 65, 121, 167, 231, 152, 107, 168, 199, 63, 13, 222, 182, 37, 216, 160, 244, 194, 60, 48, 180, 141, 148, 173, 88, 242, 145, 183, 74, 218, 8, 161, 132, 122, 19, 219, 111, 56, 163, 79]","(446.8999999999998, 14853.60000000001)"
2,"[0, 49, 190, 18, 24, 197, 44, 27, 129, 86, 198, 201, 103, 179, 202, 96, 139, 148, 133, 227, 41, 72, 237, 193, 149, 209, 14, 90, 108, 210, 78, 120, 189, 137, 158, 12, 126, 180, 169, 39, 3, 232, 4, 82, 81, 117, 112, 33, 94, 230, 67, 76, 89, 249, 47, 87, 26, 132, 235, 40, 207, 174, 113, 69, 64, 46, 225, 195, 127, 171, 22, 177, 114, 32, 146, 80, 248, 220, 51, 216, 214, 73, 181, 231, 185, 74, 102, 75, 115, 11, 106, 142, 6, 173, 71, 42, 192, 159, 13, 95, 118, 58, 123, 205, 204, 241, 184, 233, 213, 224, 206, 36, 240, 23, 43, 155, 154, 187, 203, 52, 53, 191, 37, 160, 65, 54, 59, 188, 77, 109, 136, 175, 130, 245, 165, 226, 178, 91, 239, 107, 10, 17, 125, 57, 208, 34, 217, 21, 140, 50, 234, 31, 128, 104, 30, 144, 156, 116, 242, 85, 92, 111, 97, 222, 28, 200, 62, 161, 29, 247, 246, 63, 119, 45, 141, 25, 35, 15, 138, 134, 99, 48, 70, 79, 221, 143, 238, 16, 170, 150, 68, 1, 163, 2, 61, 212, 131, 93, 168, 152, 124, 176, 244, 219, 83, 145, 20, 162, 5, 236, 196, 101, 223, 88, 199, 215, 194, 135, 167, 218, 55, 66, 182, 56, 121, 19, 9, 166, 105, 98, 157, 7, 172, 110, 229, 228, 164, 147, 186, 183, 243, 8, 100, 211, 122, 151, 84, 153, 38, 60]","(433.6999999999999, 15632.700000000004)"
2,"[0, 51, 214, 193, 11, 248, 22, 169, 72, 120, 249, 201, 230, 27, 210, 96, 3, 206, 192, 33, 104, 179, 34, 126, 227, 87, 137, 90, 45, 113, 209, 4, 86, 225, 115, 171, 77, 158, 148, 6, 114, 155, 241, 44, 190, 181, 42, 203, 123, 43, 146, 59, 64, 185, 95, 53, 207, 195, 235, 21, 89, 170, 149, 204, 117, 184, 18, 99, 85, 197, 172, 118, 133, 32, 224, 144, 14, 54, 176, 83, 196, 134, 156, 189, 202, 216, 140, 231, 26, 46, 39, 142, 226, 232, 174, 128, 198, 78, 166, 82, 127, 200, 188, 108, 69, 94, 67, 129, 139, 191, 12, 36, 234, 106, 233, 177, 178, 71, 245, 103, 47, 112, 242, 24, 31, 68, 28, 65, 49, 217, 80, 175, 186, 220, 57, 237, 180, 154, 97, 163, 25, 239, 76, 73, 16, 215, 109, 23, 138, 84, 219, 132, 41, 81, 30, 48, 55, 40, 205, 135, 75, 98, 37, 13, 101, 143, 236, 161, 7, 247, 165, 119, 88, 213, 168, 111, 8, 125, 10, 92, 243, 131, 70, 91, 211, 173, 238, 136, 147, 150, 56, 60, 157, 221, 244, 151, 229, 29, 208, 50, 124, 19, 1, 5, 15, 105, 63, 153, 35, 240, 102, 130, 121, 74, 199, 20, 107, 100, 167, 218, 17, 58, 122, 2, 38, 222, 160, 194, 152, 79, 162, 187, 246, 228, 141, 110, 223, 9, 93, 183, 212, 159, 62, 182, 66, 145, 164, 52, 116, 61]","(55.20000000000014, 2187.7)"
2,"[0, 72, 214, 248, 33, 120, 22, 11, 169, 51, 201, 210, 87, 27, 206, 3, 96, 193, 192, 249, 104, 179, 34, 126, 227, 230, 137, 45, 90, 113, 209, 4, 86, 44, 115, 171, 77, 158, 148, 6, 114, 155, 241, 225, 190, 181, 42, 203, 43, 123, 146, 59, 64, 185, 95, 53, 207, 195, 235, 21, 89, 170, 149, 204, 117, 184, 18, 99, 85, 197, 172, 118, 133, 32, 224, 144, 14, 54, 176, 83, 196, 134, 156, 189, 202, 216, 140, 231, 26, 46, 39, 142, 226, 232, 174, 128, 198, 78, 13, 82, 127, 200, 188, 139, 69, 94, 67, 106, 108, 191, 12, 36, 234, 129, 233, 177, 178, 71, 245, 103, 47, 112, 242, 24, 31, 68, 28, 65, 49, 217, 80, 175, 186, 220, 57, 237, 180, 154, 97, 163, 25, 239, 76, 73, 16, 215, 109, 23, 138, 84, 219, 132, 41, 81, 30, 48, 55, 40, 205, 135, 75, 98, 37, 166, 101, 143, 236, 161, 7, 247, 165, 119, 88, 213, 168, 111, 8, 125, 10, 92, 243, 131, 70, 91, 211, 173, 238, 136, 147, 150, 56, 60, 157, 221, 244, 151, 229, 29, 208, 50, 124, 19, 1, 5, 15, 105, 63, 130, 35, 240, 102, 153, 121, 74, 199, 20, 107, 100, 167, 218, 17, 58, 122, 2, 38, 222, 160, 194, 152, 79, 162, 187, 246, 228, 141, 110, 223, 9, 93, 183, 212, 159, 62, 182, 66, 145, 164, 52, 116, 61]","(32.000000000000036, 1624.6000000000015)"
2,"[0, 72, 214, 248, 33, 120, 22, 11, 169, 51, 201, 210, 87, 27, 206, 96, 3, 193, 192, 249, 104, 179, 34, 126, 227, 230, 137, 45, 90, 113, 209, 4, 86, 225, 115, 171, 77, 158, 148, 6, 114, 155, 241, 44, 190, 181, 42, 203, 43, 123, 146, 59, 64, 185, 95, 53, 207, 195, 235, 21, 89, 170, 149, 204, 117, 184, 18, 99, 85, 197, 172, 118, 133, 32, 224, 144, 14, 54, 176, 83, 196, 134, 156, 189, 202, 216, 140, 231, 26, 46, 39, 142, 226, 232, 174, 128, 198, 78, 13, 82, 127, 200, 188, 139, 69, 94, 67, 106, 108, 191, 12, 36, 234, 129, 233, 177, 178, 71, 245, 103, 47, 112, 242, 24, 31, 68, 28, 65, 49, 217, 80, 175, 186, 220, 57, 237, 180, 154, 25, 163, 97, 239, 76, 73, 16, 215, 109, 23, 138, 84, 219, 132, 41, 81, 30, 48, 55, 40, 205, 135, 75, 98, 37, 166, 101, 143, 236, 161, 7, 247, 165, 119, 88, 213, 168, 111, 8, 125, 10, 92, 243, 131, 70, 91, 211, 173, 238, 136, 147, 150, 56, 60, 157, 221, 244, 151, 229, 29, 208, 50, 124, 19, 1, 5, 15, 105, 63, 130, 35, 240, 102, 153, 121, 74, 199, 20, 107, 100, 167, 218, 17, 58, 122, 2, 38, 222, 160, 194, 152, 79, 162, 187, 246, 228, 141, 110, 223, 9, 93, 183, 212, 159, 62, 182, 66, 145, 164, 52, 116, 61]","(32.30000000000004, 1607.6000000000017)"
2,"[0, 72, 214, 248, 33, 120, 22, 11, 169, 51, 201, 210, 87, 27, 206, 96, 3, 193, 192, 249, 104, 179, 34, 126, 227, 230, 137, 45, 90, 113, 209, 4, 86, 225, 115, 171, 77, 158, 148, 6, 114, 155, 241, 44, 190, 181, 42, 203, 43, 123, 146, 59, 64, 185, 95, 53, 207, 195, 235, 21, 89, 170, 149, 204, 117, 184, 18, 99, 85, 197, 172, 118, 133, 32, 224, 144, 14, 54, 176, 83, 196, 134, 156, 189, 202, 216, 140, 231, 26, 46, 39, 142, 226, 232, 174, 128, 198, 78, 13, 82, 127, 200, 188, 139, 69, 94, 67, 106, 108, 191, 12, 36, 234, 129, 233, 177, 178, 71, 245, 103, 47, 112, 242, 24, 31, 68, 28, 65, 49, 217, 80, 175, 186, 220, 57, 237, 180, 154, 97, 163, 25, 239, 76, 73, 16, 215, 109, 23, 138, 84, 219, 132, 41, 81, 30, 48, 55, 40, 205, 135, 75, 98, 37, 166, 101, 143, 236, 161, 7, 247, 165, 119, 88, 213, 168, 111, 8, 125, 10, 92, 243, 131, 70, 91, 211, 173, 238, 136, 147, 150, 56, 60, 157, 221, 244, 151, 229, 29, 208, 50, 124, 19, 1, 5, 15, 105, 63, 130, 35, 240, 102, 153, 121, 74, 199, 20, 107, 100, 167, 218, 17, 58, 122, 2, 38, 222, 160, 194, 152, 79, 162, 187, 246, 228, 141, 110, 223, 9, 93, 183, 212, 159, 62, 182, 66, 145, 164, 52, 116, 61]","(32.20000000000004, 1600.8000000000015)"
2,"[0, 72, 214, 248, 33, 120, 22, 11, 169, 51, 206, 201, 87, 27, 210, 96, 3, 193, 192, 249, 104, 179, 34, 126, 230, 227, 137, 45, 90, 113, 209, 4, 86, 225, 115, 171, 77, 158, 6, 148, 114, 155, 241, 44, 190, 181, 42, 203, 43, 123, 146, 59, 64, 185, 95, 53, 207, 195, 235, 21, 89, 170, 149, 204, 117, 184, 18, 99, 85, 197, 172, 118, 133, 144, 224, 32, 14, 54, 176, 83, 196, 134, 156, 189, 202, 216, 140, 231, 26, 46, 39, 142, 226, 232, 174, 128, 198, 78, 13, 82, 127, 200, 188, 139, 69, 94, 67, 106, 108, 191, 12, 36, 234, 129, 233, 177, 178, 71, 245, 103, 47, 112, 242, 24, 31, 68, 28, 65, 49, 217, 80, 175, 186, 220, 57, 237, 180, 154, 97, 163, 25, 239, 76, 73, 16, 215, 109, 23, 138, 84, 219, 132, 41, 81, 30, 48, 55, 40, 205, 135, 75, 98, 37, 166, 101, 143, 236, 161, 7, 247, 165, 119, 88, 213, 168, 111, 8, 125, 10, 92, 243, 131, 70, 91, 211, 173, 238, 136, 147, 150, 56, 60, 157, 221, 244, 151, 229, 29, 208, 50, 124, 19, 1, 5, 15, 105, 63, 130, 35, 240, 102, 153, 121, 74, 199, 20, 107, 100, 167, 218, 17, 58, 122, 2, 38, 222, 160, 194, 152, 79, 162, 187, 246, 228, 141, 110, 223, 9, 93, 183, 212, 159, 62, 182, 66, 145, 164, 52, 116, 61]","(32.40000000000004, 1581.2000000000016)"
2,"[0, 72, 214, 248, 33, 120, 22, 11, 169, 51, 206, 210, 87, 27, 201, 96, 3, 193, 192, 249, 104, 179, 34, 126, 227, 230, 137, 45, 90, 113, 209, 4, 86, 225, 115, 171, 77, 158, 148, 6, 114, 155, 241, 44, 190, 181, 42, 203, 43, 123, 146, 59, 64, 185, 95, 53, 207, 195, 235, 21, 89, 170, 149, 204, 117, 184, 18, 99, 85, 197, 172, 118, 133, 32, 224, 144, 14, 54, 176, 83, 196, 134, 156, 189, 202, 216, 140, 231, 26, 46, 39, 142, 226, 232, 174, 128, 198, 78, 13, 82, 127, 200, 188, 139, 69, 94, 67, 106, 108, 191, 12, 36, 234, 129, 233, 177, 178, 71, 245, 103, 47, 112, 242, 24, 31, 68, 28, 65, 49, 217, 80, 175, 186, 220, 57, 237, 180, 154, 97, 163, 25, 239, 76, 73, 16, 215, 109, 23, 138, 84, 219, 132, 41, 81, 30, 48, 55, 40, 205, 135, 75, 98, 37, 166, 101, 143, 236, 161, 7, 247, 165, 119, 88, 213, 168, 111, 8, 125, 10, 92, 243, 131, 70, 91, 211, 173, 238, 136, 147, 150, 56, 60, 157, 221, 244, 151, 229, 29, 208, 50, 124, 19, 1, 5, 15, 105, 63, 130, 35, 240, 102, 153, 121, 74, 199, 20, 107, 100, 167, 218, 17, 58, 122, 2, 38, 222, 160, 194, 152, 79, 162, 187, 246, 228, 141, 110, 223, 9, 93, 183, 212, 159, 62, 182, 66, 145, 164, 52, 116, 61]","(32.30000000000004, 1596.5000000000018)"
2,"[0, 72, 214, 248, 33, 120, 22, 11, 169, 51, 206, 210, 87, 27, 201, 96, 3, 193, 192, 249, 104, 179, 34, 126, 227, 230, 137, 45, 90, 113, 209, 4, 86, 225, 115, 171, 77, 158, 148, 6, 114, 155, 241, 44, 190, 181, 42, 203, 43, 123, 146, 59, 64, 185, 95, 53, 207, 195, 235, 21, 89, 170, 149, 204, 117, 184, 18, 99, 85, 197, 172, 118, 133, 32, 224, 144, 14, 54, 176, 83, 196, 134, 156, 189, 202, 216, 140, 231, 26, 46, 39, 142, 226, 232, 174, 128, 198, 78, 13, 82, 127, 200, 188, 139, 69, 94, 67, 106, 108, 191, 12, 36, 234, 129, 233, 177, 178, 71, 245, 103, 47, 112, 242, 24, 31, 68, 28, 65, 49, 217, 80, 175, 186, 220, 57, 237, 180, 154, 97, 163, 25, 239, 76, 73, 16, 215, 109, 23, 138, 84, 219, 132, 41, 81, 30, 48, 55, 40, 205, 135, 75, 98, 37, 166, 101, 143, 236, 161, 7, 247, 165, 119, 88, 213, 168, 111, 8, 125, 10, 92, 243, 131, 70, 91, 211, 173, 238, 136, 147, 150, 56, 244, 157, 221, 60, 151, 229, 29, 208, 50, 124, 19, 1, 5, 15, 105, 63, 130, 35, 240, 102, 153, 121, 74, 199, 20, 107, 100, 167, 218, 17, 58, 122, 2, 38, 222, 160, 194, 152, 79, 162, 187, 246, 228, 141, 110, 223, 9, 93, 183, 212, 159, 62, 182, 66, 145, 164, 52, 116, 61]","(32.200000000000045, 1608.7000000000016)"
2,"[0, 72, 214, 248, 33, 120, 22, 11, 169, 51, 206, 210, 87, 27, 201, 96, 3, 193, 192, 249, 104, 179, 34, 126, 227, 230, 137, 45, 90, 113, 209, 4, 86, 225, 115, 171, 77, 158, 148, 6, 114, 155, 241, 44, 190, 181, 42, 203, 43, 123, 146, 59, 64, 185, 95, 53, 207, 195, 235, 21, 89, 170, 149, 204, 117, 184, 18, 99, 197, 85, 172, 118, 133, 32, 224, 144, 14, 54, 176, 83, 196, 134, 156, 189, 202, 216, 140, 231, 26, 46, 39, 142, 226, 232, 174, 128, 198, 78, 13, 82, 127, 200, 188, 139, 69, 94, 67, 106, 108, 191, 12, 36, 234, 129, 233, 177, 178, 71, 245, 103, 47, 112, 242, 24, 31, 68, 28, 65, 49, 217, 80, 175, 186, 220, 57, 237, 180, 154, 97, 163, 25, 239, 76, 73, 16, 215, 109, 23, 138, 84, 219, 132, 41, 81, 30, 48, 55, 40, 205, 135, 75, 98, 37, 166, 101, 143, 236, 161, 7, 247, 165, 119, 88, 213, 168, 111, 8, 125, 10, 92, 243, 131, 70, 91, 211, 173, 238, 136, 147, 150, 56, 60, 157, 221, 244, 151, 229, 29, 208, 50, 124, 19, 1, 5, 15, 105, 63, 130, 35, 240, 102, 153, 121, 74, 199, 20, 107, 100, 167, 218, 17, 58, 122, 2, 38, 222, 160, 194, 152, 79, 162, 187, 246, 228, 141, 110, 223, 9, 93, 183, 212, 159, 62, 182, 66, 145, 164, 52, 116, 61]","(32.30000000000004, 1602.5000000000018)"
2,"[0, 90, 140, 72, 188, 22, 53, 206, 76, 11, 134, 214, 83, 59, 229, 171, 202, 126, 14, 77, 99, 123, 149, 49, 87, 226, 96, 26, 34, 78, 201, 133, 27, 176, 3, 103, 185, 64, 225, 204, 115, 51, 139, 181, 137, 234, 179, 174, 43, 120, 81, 221, 23, 85, 95, 18, 67, 248, 119, 209, 189, 4, 197, 220, 82, 190, 129, 45, 28, 44, 33, 224, 24, 233, 118, 114, 232, 195, 158, 31, 249, 113, 70, 71, 186, 216, 163, 231, 42, 155, 101, 136, 227, 184, 16, 74, 40, 178, 196, 117, 127, 199, 86, 241, 69, 180, 108, 169, 46, 156, 148, 36, 104, 32, 203, 12, 6, 141, 246, 235, 57, 157, 245, 146, 230, 238, 175, 109, 106, 88, 80, 21, 10, 207, 97, 211, 165, 105, 236, 200, 198, 191, 144, 193, 172, 223, 35, 30, 56, 167, 219, 177, 1, 38, 20, 48, 150, 170, 210, 135, 84, 54, 73, 111, 39, 143, 213, 79, 50, 192, 128, 94, 217, 187, 98, 247, 9, 168, 160, 243, 100, 131, 55, 218, 2, 92, 68, 91, 25, 244, 75, 89, 142, 65, 239, 151, 215, 17, 208, 242, 237, 124, 162, 61, 125, 205, 212, 240, 7, 63, 183, 173, 5, 138, 15, 122, 107, 132, 194, 29, 112, 41, 161, 182, 154, 47, 60, 19, 152, 102, 8, 222, 62, 228, 52, 153, 37, 159, 164, 121, 130, 166, 147, 93, 13, 145, 58, 66, 116, 110]","(222.40000000000006, 15447.00000000001)"
2,"[0, 96, 3, 72, 227, 104, 248, 11, 169, 201, 249, 206, 137, 27, 210, 192, 214, 193, 22, 120, 51, 33, 34, 126, 179, 241, 128, 45, 90, 155, 209, 4, 114, 181, 115, 184, 77, 158, 148, 6, 225, 86, 230, 44, 190, 203, 42, 113, 146, 123, 43, 59, 64, 185, 95, 53, 39, 87, 235, 21, 89, 170, 149, 204, 117, 171, 80, 99, 85, 197, 172, 118, 133, 32, 224, 144, 14, 54, 176, 134, 196, 12, 156, 189, 202, 216, 140, 231, 49, 46, 207, 142, 226, 232, 174, 195, 198, 78, 13, 82, 127, 200, 188, 139, 69, 94, 67, 106, 108, 191, 83, 36, 234, 129, 233, 177, 103, 71, 245, 178, 47, 112, 242, 24, 31, 68, 28, 65, 26, 217, 18, 37, 186, 23, 57, 237, 161, 154, 97, 163, 25, 239, 138, 73, 16, 215, 109, 220, 76, 84, 219, 132, 41, 81, 30, 205, 55, 40, 48, 135, 75, 98, 15, 166, 101, 143, 236, 180, 7, 213, 165, 119, 88, 247, 168, 111, 8, 125, 10, 92, 243, 131, 173, 228, 211, 116, 238, 136, 147, 150, 56, 62, 157, 221, 244, 151, 1, 29, 130, 50, 17, 19, 229, 5, 175, 105, 63, 208, 66, 240, 102, 153, 121, 74, 199, 20, 107, 100, 167, 218, 246, 58, 122, 2, 38, 222, 160, 194, 152, 79, 162, 187, 124, 91, 141, 110, 223, 9, 164, 183, 212, 159, 60, 182, 35, 145, 93, 52, 70, 61]","(152.39999999999992, 5268.599999999995)"
2,"[0, 120, 249, 201, 33, 51, 6, 248, 227, 72, 87, 104, 206, 27, 210, 96, 3, 193, 11, 22, 214, 179, 34, 126, 90, 230, 137, 45, 169, 113, 209, 4, 86, 225, 115, 171, 77, 158, 148, 192, 191, 155, 36, 44, 190, 181, 42, 203, 43, 123, 146, 59, 64, 185, 95, 53, 207, 195, 235, 21, 89, 170, 149, 204, 117, 184, 18, 99, 85, 197, 172, 118, 133, 32, 224, 144, 174, 54, 176, 83, 196, 134, 156, 189, 109, 216, 140, 231, 202, 46, 39, 142, 226, 97, 14, 128, 198, 78, 13, 82, 127, 200, 188, 139, 69, 94, 67, 106, 173, 114, 12, 241, 234, 129, 233, 177, 178, 108, 245, 103, 47, 112, 242, 24, 31, 68, 28, 65, 49, 217, 80, 175, 186, 220, 57, 237, 180, 56, 232, 163, 25, 239, 76, 73, 16, 17, 58, 23, 138, 84, 219, 132, 41, 81, 30, 48, 55, 40, 205, 135, 75, 98, 37, 166, 101, 143, 147, 161, 7, 247, 165, 111, 88, 213, 168, 119, 8, 125, 10, 92, 243, 131, 70, 91, 211, 71, 238, 136, 236, 15, 154, 60, 157, 221, 244, 151, 229, 29, 208, 50, 124, 19, 1, 5, 150, 105, 63, 130, 35, 240, 102, 153, 121, 74, 199, 20, 107, 100, 167, 218, 215, 26, 122, 2, 38, 222, 160, 194, 152, 79, 162, 187, 246, 228, 141, 110, 223, 9, 93, 183, 212, 159, 62, 182, 66, 145, 164, 52, 116, 61]","(106.09999999999987, 3729.3999999999965)"
2,"[0, 189, 137, 39, 249, 226, 90, 235, 49, 72, 202, 3, 149, 4, 173, 148, 133, 45, 99, 206, 140, 87, 106, 120, 123, 118, 201, 57, 126, 180, 104, 239, 227, 43, 192, 207, 214, 241, 18, 6, 236, 196, 248, 225, 237, 185, 197, 86, 32, 210, 115, 127, 12, 85, 64, 181, 195, 245, 51, 177, 34, 134, 169, 94, 174, 171, 33, 36, 146, 11, 172, 193, 14, 55, 232, 191, 179, 184, 209, 83, 23, 170, 156, 44, 13, 103, 2, 200, 109, 150, 216, 67, 68, 142, 119, 211, 158, 208, 203, 183, 66, 155, 198, 117, 101, 220, 89, 217, 204, 31, 144, 48, 71, 46, 233, 77, 78, 42, 176, 242, 147, 96, 54, 139, 59, 74, 16, 218, 27, 224, 65, 105, 135, 108, 124, 163, 230, 154, 50, 73, 15, 84, 98, 125, 75, 231, 95, 28, 8, 186, 53, 47, 151, 160, 121, 76, 136, 111, 19, 112, 188, 92, 246, 91, 114, 143, 69, 82, 58, 113, 9, 131, 93, 213, 194, 7, 130, 205, 152, 22, 244, 30, 70, 128, 215, 56, 62, 222, 166, 29, 38, 60, 24, 116, 157, 165, 141, 167, 129, 41, 122, 10, 187, 35, 175, 37, 243, 107, 219, 240, 25, 153, 132, 110, 52, 138, 247, 5, 162, 164, 102, 17, 1, 212, 88, 199, 81, 20, 229, 79, 238, 161, 234, 80, 182, 21, 159, 190, 63, 40, 168, 223, 61, 221, 178, 97, 26, 145, 228, 100]","(353.0000000000001, 16484.100000000002)"
2,"[0, 219, 14, 86, 235, 53, 133, 179, 176, 193, 144, 158, 222, 45, 170, 216, 4, 196, 22, 188, 11, 128, 209, 172, 227, 32, 42, 149, 90, 20, 123, 114, 99, 225, 87, 200, 192, 202, 241, 85, 27, 73, 120, 185, 137, 189, 214, 36, 43, 248, 64, 190, 191, 25, 95, 24, 207, 57, 249, 104, 54, 34, 163, 204, 72, 184, 96, 51, 19, 112, 226, 56, 113, 3, 224, 129, 115, 117, 169, 83, 201, 148, 156, 195, 59, 171, 180, 230, 1, 46, 39, 155, 126, 232, 174, 6, 18, 78, 44, 82, 127, 122, 181, 208, 16, 94, 165, 12, 108, 198, 134, 203, 80, 91, 215, 21, 150, 48, 231, 221, 154, 33, 135, 206, 242, 116, 2, 157, 210, 217, 177, 41, 151, 220, 23, 118, 103, 101, 143, 69, 186, 243, 49, 89, 146, 10, 152, 74, 29, 31, 111, 38, 175, 26, 131, 84, 233, 47, 60, 166, 244, 213, 240, 245, 211, 234, 236, 97, 7, 247, 228, 142, 76, 106, 13, 140, 5, 125, 81, 8, 239, 50, 138, 92, 40, 173, 238, 182, 147, 237, 168, 66, 28, 136, 75, 71, 35, 102, 77, 119, 197, 63, 37, 141, 205, 88, 139, 178, 105, 109, 124, 62, 9, 52, 199, 61, 212, 68, 167, 15, 17, 153, 161, 65, 218, 187, 160, 194, 130, 164, 223, 30, 246, 67, 98, 110, 162, 121, 93, 79, 70, 132, 159, 58, 100, 107, 183, 55, 145, 229]","(212.3999999999999, 14912.300000000008)"
2,"[0, 248, 22, 249, 51, 34, 11, 87, 169, 72, 96, 201, 206, 27, 210, 120, 3, 193, 192, 33, 214, 179, 104, 126, 227, 230, 137, 45, 90, 113, 209, 155, 86, 225, 115, 171, 77, 158, 148, 6, 114, 4, 241, 44, 190, 181, 42, 226, 43, 123, 146, 59, 64, 185, 95, 53, 207, 195, 235, 21, 89, 170, 149, 204, 117, 184, 18, 129, 85, 197, 172, 118, 133, 32, 224, 144, 14, 54, 176, 83, 196, 134, 156, 189, 73, 216, 140, 231, 24, 46, 39, 142, 26, 232, 174, 128, 198, 78, 13, 82, 127, 200, 188, 139, 69, 94, 203, 76, 108, 191, 12, 36, 80, 236, 233, 177, 178, 71, 245, 103, 47, 112, 242, 67, 31, 68, 28, 65, 49, 217, 234, 175, 186, 220, 57, 237, 180, 154, 97, 163, 25, 239, 168, 202, 16, 215, 109, 23, 138, 84, 219, 132, 41, 81, 30, 48, 55, 40, 205, 135, 75, 98, 37, 166, 101, 152, 99, 161, 7, 247, 165, 119, 88, 213, 106, 111, 8, 125, 10, 92, 243, 131, 100, 91, 211, 173, 238, 136, 147, 150, 56, 60, 157, 221, 244, 151, 229, 29, 208, 50, 61, 19, 1, 240, 15, 105, 63, 130, 35, 5, 102, 153, 121, 74, 199, 20, 107, 62, 167, 218, 17, 58, 122, 2, 38, 222, 160, 194, 143, 79, 162, 187, 246, 228, 141, 110, 223, 9, 159, 183, 212, 93, 70, 182, 66, 145, 164, 52, 116, 124]","(93.19999999999992, 3332.7999999999984)"
3,"[0, 34, 11, 248, 33, 120, 249, 51, 169, 77, 206, 201, 87, 27, 210, 96, 3, 193, 22, 214, 192, 179, 104, 207, 227, 230, 137, 45, 90, 113, 209, 4, 86, 225, 115, 171, 72, 158, 148, 6, 114, 155, 241, 44, 190, 181, 42, 203, 43, 123, 146, 59, 64, 112, 95, 53, 126, 195, 235, 21, 89, 170, 149, 204, 117, 184, 18, 99, 85, 197, 172, 118, 133, 32, 224, 144, 14, 54, 176, 83, 196, 202, 156, 189, 134, 216, 142, 231, 26, 46, 39, 140, 226, 232, 174, 128, 198, 161, 13, 82, 127, 200, 188, 139, 69, 94, 67, 106, 108, 191, 12, 36, 234, 129, 41, 177, 178, 71, 245, 103, 47, 185, 242, 24, 31, 68, 28, 65, 49, 217, 80, 175, 186, 220, 57, 237, 180, 136, 97, 163, 25, 239, 76, 73, 16, 215, 109, 23, 138, 84, 219, 132, 233, 81, 30, 48, 55, 40, 205, 135, 98, 75, 37, 166, 78, 143, 236, 101, 7, 247, 165, 119, 212, 8, 168, 111, 213, 125, 10, 92, 243, 131, 70, 91, 211, 173, 238, 154, 147, 150, 56, 60, 157, 221, 244, 151, 229, 29, 208, 50, 124, 19, 1, 5, 15, 105, 63, 130, 35, 240, 102, 153, 121, 74, 199, 20, 107, 100, 61, 218, 17, 58, 122, 2, 38, 222, 160, 194, 152, 79, 162, 187, 246, 228, 141, 110, 223, 9, 93, 183, 88, 159, 62, 182, 66, 145, 164, 52, 116, 167]","(86.89999999999996, 3193.3999999999965)"
3,"[0, 42, 184, 192, 230, 201, 144, 249, 156, 113, 214, 188, 206, 146, 185, 242, 227, 54, 171, 72, 71, 34, 189, 22, 26, 104, 86, 99, 27, 67, 120, 237, 210, 137, 43, 179, 216, 169, 39, 248, 202, 3, 140, 44, 85, 6, 21, 225, 95, 133, 158, 59, 196, 96, 18, 53, 25, 14, 205, 191, 11, 203, 149, 48, 204, 31, 83, 215, 62, 23, 127, 114, 235, 4, 224, 92, 209, 87, 241, 176, 175, 32, 24, 45, 207, 243, 239, 231, 90, 56, 134, 174, 103, 155, 118, 178, 15, 78, 37, 52, 142, 69, 49, 70, 77, 200, 148, 106, 115, 139, 82, 65, 247, 129, 233, 123, 198, 222, 147, 110, 195, 68, 172, 186, 124, 190, 28, 111, 173, 217, 157, 73, 197, 66, 245, 232, 98, 19, 212, 13, 75, 193, 16, 199, 57, 50, 126, 128, 109, 136, 64, 117, 177, 116, 220, 2, 5, 223, 51, 40, 168, 226, 84, 244, 88, 122, 135, 187, 102, 38, 89, 94, 10, 76, 234, 170, 8, 180, 211, 108, 159, 131, 228, 154, 238, 160, 93, 33, 12, 119, 246, 60, 138, 63, 166, 132, 229, 181, 61, 36, 182, 30, 121, 165, 35, 46, 162, 80, 9, 163, 7, 130, 145, 74, 167, 125, 79, 100, 41, 17, 213, 236, 164, 29, 47, 55, 183, 1, 152, 151, 112, 107, 97, 218, 219, 143, 141, 161, 91, 101, 240, 20, 150, 153, 221, 58, 105, 81, 194, 208]","(448.29999999999984, 15519.300000000005)"
3,"[0, 72, 214, 193, 11, 248, 22, 169, 120, 51, 206, 104, 87, 27, 210, 96, 3, 249, 192, 33, 201, 179, 34, 126, 227, 230, 137, 45, 90, 113, 209, 4, 86, 225, 115, 171, 77, 158, 148, 6, 114, 155, 241, 44, 190, 203, 42, 181, 43, 123, 146, 59, 64, 185, 95, 53, 207, 195, 235, 21, 89, 170, 149, 204, 117, 184, 18, 99, 85, 197, 172, 118, 133, 32, 224, 144, 14, 54, 176, 83, 196, 134, 156, 189, 202, 216, 140, 231, 26, 46, 39, 142, 226, 232, 174, 128, 198, 78, 13, 82, 127, 200, 188, 139, 69, 94, 67, 106, 108, 191, 12, 36, 234, 129, 233, 177, 178, 71, 245, 103, 47, 112, 242, 24, 31, 68, 28, 65, 49, 217, 80, 175, 186, 220, 57, 237, 180, 154, 97, 163, 25, 239, 76, 73, 16, 215, 109, 23, 138, 84, 219, 132, 41, 81, 30, 48, 55, 40, 205, 135, 75, 98, 37, 166, 101, 143, 236, 161, 7, 247, 165, 119, 88, 213, 168, 111, 8, 125, 10, 92, 243, 62, 70, 91, 211, 173, 238, 136, 147, 150, 56, 60, 157, 221, 244, 107, 229, 29, 208, 50, 124, 19, 1, 5, 15, 105, 63, 130, 35, 240, 102, 153, 121, 74, 199, 20, 151, 100, 167, 218, 17, 58, 122, 2, 38, 222, 160, 194, 152, 79, 162, 187, 246, 228, 141, 110, 223, 9, 93, 159, 212, 183, 131, 182, 66, 145, 164, 52, 116, 61]","(44.90000000000008, 1884.100000000001)"
3,"[0, 72, 214, 248, 33, 120, 22, 11, 169, 51, 201, 210, 87, 27, 206, 3, 96, 193, 192, 249, 104, 179, 34, 126, 227, 230, 137, 45, 90, 113, 209, 4, 86, 225, 115, 171, 77, 158, 148, 6, 114, 155, 241, 44, 190, 181, 42, 203, 43, 123, 146, 59, 64, 185, 95, 53, 207, 195, 235, 21, 89, 170, 149, 204, 117, 184, 18, 99, 85, 197, 172, 118, 133, 32, 224, 144, 14, 54, 176, 83, 196, 134, 156, 189, 202, 216, 140, 231, 26, 46, 39, 142, 226, 232, 174, 128, 198, 78, 13, 82, 127, 200, 188, 139, 69, 94, 67, 106, 108, 191, 12, 36, 234, 129, 233, 177, 178, 71, 245, 103, 47, 112, 242, 24, 31, 68, 28, 65, 49, 217, 80, 175, 186, 220, 57, 237, 180, 154, 97, 163, 25, 239, 76, 73, 16, 215, 109, 23, 138, 84, 219, 132, 41, 81, 30, 48, 55, 40, 205, 135, 75, 98, 37, 166, 101, 143, 236, 161, 7, 247, 165, 119, 88, 213, 168, 111, 8, 125, 10, 92, 243, 131, 70, 91, 211, 173, 238, 136, 147, 150, 56, 60, 157, 221, 244, 151, 229, 29, 208, 50, 124, 19, 1, 5, 15, 105, 63, 130, 35, 240, 102, 153, 121, 74, 199, 20, 107, 100, 167, 218, 17, 58, 122, 2, 38, 222, 160, 194, 152, 79, 162, 187, 246, 228, 141, 110, 223, 9, 93, 183, 212, 159, 62, 182, 66, 145, 164, 52, 116, 61]","(32.10000000000004, 1601.7000000000016)"
3,"[0, 72, 214, 248, 33, 120, 22, 11, 169, 51, 201, 210, 87, 27, 206, 96, 3, 193, 192, 249, 104, 179, 34, 126, 227, 230, 137, 45, 90, 113, 209, 4, 86, 225, 115, 171, 77, 158, 148, 6, 114, 155, 241, 44, 190, 181, 42, 203, 43, 123, 146, 59, 64, 185, 95, 53, 207, 195, 235, 21, 89, 170, 149, 204, 117, 184, 18, 99, 85, 197, 172, 118, 133, 32, 224, 144, 14, 54, 176, 83, 196, 134, 156, 189, 202, 216, 140, 231, 26, 46, 39, 142, 226, 232, 174, 128, 198, 78, 13, 82, 127, 200, 188, 139, 69, 94, 67, 106, 108, 191, 12, 36, 234, 129, 233, 177, 178, 71, 245, 47, 103, 112, 242, 24, 31, 68, 28, 65, 49, 217, 80, 175, 186, 220, 57, 237, 180, 154, 97, 239, 25, 163, 76, 73, 16, 215, 109, 23, 138, 84, 219, 132, 41, 81, 30, 48, 55, 40, 205, 135, 75, 98, 37, 166, 101, 143, 236, 161, 7, 247, 165, 119, 88, 213, 168, 111, 8, 125, 10, 92, 243, 131, 70, 91, 211, 173, 238, 136, 147, 150, 56, 60, 157, 221, 244, 151, 229, 29, 208, 50, 124, 19, 1, 5, 15, 105, 63, 130, 35, 240, 102, 153, 121, 74, 199, 20, 107, 100, 167, 218, 17, 58, 122, 2, 38, 222, 160, 194, 152, 79, 162, 187, 246, 228, 141, 110, 223, 9, 93, 183, 212, 159, 62, 182, 66, 145, 164, 52, 116, 61]","(32.20000000000004, 1615.5000000000018)"
3,"[0, 72, 214, 248, 33, 120, 22, 11, 169, 51, 201, 210, 87, 27, 206, 96, 3, 193, 192, 249, 104, 179, 34, 126, 227, 230, 137, 45, 90, 113, 209, 4, 86, 225, 115, 171, 77, 158, 148, 6, 114, 155, 241, 44, 190, 181, 42, 203, 43, 123, 146, 59, 64, 185, 95, 53, 207, 195, 235, 21, 89, 170, 149, 204, 117, 184, 18, 99, 85, 197, 172, 118, 133, 32, 224, 144, 14, 54, 176, 83, 196, 134, 156, 189, 202, 216, 140, 231, 26, 46, 39, 142, 226, 232, 174, 128, 198, 78, 13, 82, 127, 200, 188, 139, 69, 94, 67, 106, 108, 191, 12, 36, 234, 129, 233, 177, 178, 71, 245, 103, 47, 112, 242, 24, 31, 68, 28, 65, 49, 217, 80, 175, 186, 220, 57, 237, 180, 154, 97, 163, 25, 239, 76, 73, 16, 215, 109, 23, 138, 84, 219, 132, 41, 81, 30, 48, 55, 40, 205, 135, 75, 98, 37, 166, 101, 143, 236, 161, 7, 247, 165, 119, 88, 213, 168, 111, 8, 125, 10, 92, 243, 131, 70, 91, 211, 173, 238, 136, 147, 150, 56, 60, 157, 221, 244, 151, 229, 29, 208, 50, 124, 19, 1, 5, 15, 105, 63, 130, 35, 240, 102, 153, 121, 74, 199, 20, 107, 100, 167, 218, 17, 58, 122, 2, 38, 222, 160, 194, 152, 79, 162, 187, 246, 228, 141, 110, 223, 9, 93, 183, 212, 159, 62, 182, 66, 145, 164, 52, 116, 61]","(32.20000000000004, 1600.8000000000015)"
3,"[0, 72, 214, 248, 33, 120, 22, 11, 169, 51, 201, 210, 87, 27, 206, 192, 96, 193, 3, 249, 104, 179, 126, 34, 227, 230, 137, 45, 90, 113, 209, 4, 86, 44, 115, 171, 77, 158, 148, 6, 114, 155, 241, 225, 190, 181, 42, 203, 43, 123, 146, 59, 64, 185, 95, 53, 207, 195, 235, 21, 89, 170, 149, 204, 117, 184, 18, 99, 85, 197, 172, 118, 133, 32, 224, 144, 14, 54, 176, 83, 196, 134, 156, 189, 202, 216, 140, 231, 26, 46, 39, 142, 226, 232, 174, 128, 198, 78, 13, 82, 127, 200, 188, 139, 69, 94, 67, 106, 108, 191, 12, 36, 234, 129, 233, 177, 178, 71, 245, 103, 47, 112, 242, 24, 48, 68, 28, 65, 49, 217, 80, 175, 186, 220, 57, 237, 180, 154, 97, 163, 25, 239, 76, 73, 16, 215, 109, 23, 138, 84, 219, 132, 41, 81, 30, 31, 55, 40, 205, 135, 75, 98, 37, 166, 101, 143, 236, 161, 7, 247, 165, 119, 88, 213, 168, 111, 8, 125, 10, 92, 243, 131, 70, 91, 211, 173, 238, 136, 147, 150, 221, 60, 157, 56, 244, 151, 229, 29, 208, 50, 124, 19, 1, 5, 15, 105, 63, 130, 35, 240, 102, 153, 121, 74, 199, 20, 107, 100, 167, 218, 17, 58, 122, 2, 38, 222, 160, 162, 152, 79, 194, 187, 246, 228, 141, 110, 223, 9, 93, 183, 212, 159, 62, 182, 66, 145, 164, 52, 116, 61]","(31.400000000000034, 1688.0000000000014)"
3,"[0, 72, 214, 248, 33, 120, 22, 11, 169, 51, 206, 87, 210, 27, 201, 3, 96, 193, 192, 249, 104, 179, 34, 230, 227, 126, 137, 45, 90, 113, 209, 4, 86, 225, 115, 171, 77, 158, 148, 6, 114, 155, 241, 44, 190, 181, 42, 203, 43, 123, 146, 59, 64, 185, 95, 53, 207, 195, 235, 21, 89, 170, 149, 204, 117, 184, 18, 99, 85, 197, 172, 118, 133, 32, 224, 144, 14, 54, 176, 83, 196, 134, 156, 189, 202, 216, 140, 231, 26, 46, 39, 142, 226, 232, 174, 128, 198, 78, 13, 82, 127, 200, 188, 139, 69, 94, 67, 106, 108, 191, 12, 36, 234, 129, 233, 177, 178, 71, 245, 103, 47, 112, 242, 24, 31, 68, 28, 65, 49, 217, 175, 80, 186, 220, 57, 237, 180, 154, 97, 163, 25, 239, 76, 73, 16, 215, 109, 23, 138, 84, 219, 132, 41, 81, 30, 48, 55, 40, 205, 135, 75, 98, 37, 166, 101, 143, 236, 161, 7, 247, 165, 119, 88, 213, 168, 111, 8, 125, 10, 92, 243, 131, 70, 91, 211, 173, 238, 136, 147, 150, 56, 60, 157, 221, 244, 151, 229, 29, 208, 50, 124, 19, 1, 5, 15, 105, 63, 130, 35, 240, 102, 153, 121, 74, 199, 20, 107, 100, 167, 218, 17, 58, 122, 2, 187, 222, 160, 194, 152, 79, 162, 38, 246, 228, 141, 110, 223, 9, 93, 183, 212, 159, 62, 182, 66, 145, 164, 52, 116, 61]","(31.300000000000036, 1630.8000000000015)"
3,"[0, 72, 214, 248, 33, 120, 22, 11, 169, 51, 206, 201, 87, 27, 210, 96, 3, 193, 192, 249, 104, 179, 34, 126, 230, 227, 137, 45, 90, 113, 209, 4, 86, 225, 115, 171, 77, 158, 6, 148, 114, 155, 241, 44, 190, 181, 42, 203, 43, 123, 59, 146, 64, 185, 95, 53, 207, 195, 235, 21, 89, 170, 149, 204, 117, 184, 18, 99, 85, 197, 172, 118, 133, 32, 224, 144, 14, 54, 176, 83, 196, 134, 156, 189, 202, 216, 140, 231, 26, 46, 39, 142, 226, 232, 174, 128, 198, 78, 13, 82, 127, 200, 188, 139, 69, 94, 67, 106, 108, 191, 12, 36, 234, 129, 233, 177, 178, 71, 245, 103, 47, 112, 242, 24, 31, 68, 28, 65, 49, 217, 80, 175, 186, 220, 57, 237, 180, 154, 97, 163, 25, 239, 76, 73, 16, 215, 109, 23, 138, 84, 219, 132, 41, 81, 30, 48, 55, 40, 205, 135, 75, 98, 37, 166, 101, 143, 236, 161, 7, 247, 165, 119, 88, 213, 168, 111, 8, 125, 10, 92, 243, 131, 70, 91, 211, 173, 238, 136, 147, 150, 56, 60, 157, 221, 244, 151, 229, 29, 208, 50, 124, 19, 1, 5, 15, 105, 63, 130, 35, 240, 102, 153, 121, 74, 199, 20, 107, 100, 167, 218, 17, 58, 122, 2, 38, 222, 160, 194, 152, 79, 162, 187, 246, 228, 141, 110, 223, 9, 93, 183, 212, 159, 62, 182, 66, 145, 164, 52, 116, 61]","(32.20000000000004, 1581.3000000000015)"
3,"[0, 72, 214, 248, 33, 120, 22, 11, 169, 51, 206, 201, 210, 27, 87, 96, 3, 193, 192, 249, 104, 179, 34, 126, 227, 230, 137, 45, 90, 113, 209, 4, 86, 225, 115, 171, 77, 158, 148, 6, 114, 155, 241, 44, 190, 181, 42, 203, 43, 123, 146, 59, 64, 185, 95, 53, 207, 195, 235, 21, 89, 170, 149, 204, 117, 184, 18, 99, 85, 197, 172, 118, 133, 32, 224, 144, 14, 54, 176, 83, 196, 134, 156, 189, 202, 216, 140, 231, 26, 46, 39, 142, 226, 232, 174, 128, 198, 78, 13, 82, 127, 200, 188, 139, 69, 94, 67, 106, 108, 191, 12, 36, 234, 129, 233, 177, 178, 71, 245, 103, 47, 112, 242, 24, 31, 68, 28, 65, 49, 217, 80, 175, 186, 220, 57, 237, 180, 154, 97, 163, 25, 239, 76, 73, 16, 215, 109, 23, 138, 84, 219, 132, 41, 81, 30, 48, 55, 40, 205, 135, 75, 98, 37, 166, 101, 143, 236, 161, 7, 247, 165, 119, 88, 213, 168, 111, 8, 125, 10, 92, 243, 131, 70, 91, 211, 173, 238, 136, 147, 150, 56, 60, 157, 221, 244, 151, 229, 29, 208, 50, 124, 19, 1, 5, 15, 105, 63, 130, 35, 240, 102, 153, 121, 74, 199, 20, 107, 100, 167, 218, 17, 58, 122, 2, 38, 222, 160, 194, 152, 79, 162, 187, 246, 228, 141, 110, 223, 9, 93, 183, 212, 159, 62, 182, 66, 145, 164, 52, 116, 61]","(32.30000000000004, 1592.5000000000018)"
3,"[0, 72, 214, 248, 33, 120, 22, 11, 169, 51, 206, 210, 87, 27, 201, 3, 96, 193, 192, 249, 104, 179, 34, 126, 227, 230, 137, 45, 90, 113, 209, 4, 86, 225, 115, 171, 77, 158, 148, 6, 114, 155, 241, 44, 190, 181, 42, 203, 43, 123, 146, 59, 64, 53, 95, 185, 207, 195, 235, 21, 89, 170, 149, 204, 117, 184, 18, 99, 85, 197, 172, 118, 144, 32, 224, 133, 14, 54, 176, 83, 196, 134, 156, 189, 202, 216, 140, 231, 26, 46, 39, 142, 226, 232, 174, 128, 198, 78, 13, 82, 127, 200, 188, 139, 69, 94, 67, 106, 108, 191, 12, 36, 234, 129, 233, 177, 178, 71, 245, 103, 47, 112, 242, 24, 31, 68, 28, 65, 49, 217, 80, 175, 186, 220, 57, 237, 180, 154, 97, 163, 25, 239, 76, 73, 16, 215, 109, 23, 138, 84, 219, 132, 41, 81, 30, 48, 55, 40, 205, 135, 75, 98, 37, 166, 101, 143, 236, 161, 7, 247, 165, 119, 88, 213, 168, 111, 8, 125, 10, 92, 243, 131, 70, 91, 211, 173, 238, 136, 147, 150, 56, 60, 157, 221, 244, 151, 229, 29, 208, 50, 124, 19, 1, 5, 15, 105, 63, 130, 35, 240, 102, 153, 121, 74, 199, 20, 107, 100, 167, 218, 17, 58, 122, 2, 38, 222, 160, 194, 152, 79, 162, 187, 246, 228, 141, 110, 223, 9, 93, 183, 212, 159, 62, 182, 66, 145, 164, 52, 116, 61]","(31.900000000000034, 1610.9000000000017)"
3,"[0, 115, 227, 226, 206, 108, 51, 67, 126, 230, 49, 210, 14, 45, 13, 134, 249, 233, 104, 54, 209, 144, 201, 224, 248, 188, 22, 241, 111, 12, 193, 89, 57, 77, 197, 87, 185, 32, 44, 195, 231, 155, 26, 34, 94, 181, 124, 53, 46, 245, 137, 127, 31, 133, 33, 128, 149, 203, 72, 21, 200, 123, 204, 114, 220, 184, 11, 99, 86, 120, 171, 118, 59, 235, 148, 213, 180, 96, 23, 48, 234, 163, 156, 19, 202, 27, 232, 189, 179, 88, 39, 64, 90, 76, 74, 198, 146, 214, 142, 3, 18, 78, 16, 139, 4, 216, 97, 106, 8, 237, 6, 24, 192, 83, 160, 42, 178, 110, 121, 20, 47, 196, 119, 175, 140, 68, 176, 154, 95, 58, 62, 70, 242, 117, 190, 207, 73, 225, 170, 125, 43, 239, 174, 173, 165, 218, 168, 199, 169, 84, 10, 98, 211, 112, 28, 135, 55, 35, 80, 25, 29, 41, 246, 151, 101, 243, 236, 5, 159, 247, 150, 30, 56, 82, 116, 69, 172, 81, 1, 129, 66, 141, 36, 244, 158, 136, 50, 131, 194, 138, 93, 75, 240, 229, 71, 109, 217, 221, 92, 205, 157, 152, 212, 177, 65, 105, 162, 215, 164, 85, 102, 153, 60, 103, 219, 63, 122, 100, 147, 79, 161, 167, 130, 2, 238, 222, 15, 191, 38, 17, 132, 187, 40, 228, 186, 113, 208, 166, 37, 183, 91, 7, 9, 182, 143, 145, 223, 52, 107, 61]","(209.7000000000001, 14900.099999999991)"
3,"[0, 207, 16, 104, 65, 137, 223, 249, 202, 3, 140, 51, 163, 206, 83, 248, 71, 53, 87, 220, 169, 242, 170, 115, 26, 210, 246, 179, 172, 44, 33, 12, 126, 2, 120, 191, 214, 181, 85, 45, 158, 224, 77, 11, 49, 123, 174, 192, 238, 114, 117, 67, 21, 178, 54, 96, 232, 6, 199, 113, 196, 185, 156, 155, 147, 146, 36, 201, 149, 245, 46, 193, 99, 209, 119, 89, 31, 88, 161, 241, 95, 25, 128, 14, 22, 197, 235, 225, 13, 42, 118, 109, 124, 231, 234, 131, 133, 195, 27, 47, 94, 188, 41, 32, 127, 203, 78, 43, 130, 189, 86, 233, 34, 134, 230, 93, 79, 227, 142, 24, 82, 138, 184, 177, 50, 64, 28, 18, 84, 108, 153, 175, 90, 101, 39, 239, 29, 148, 58, 63, 154, 60, 165, 73, 205, 218, 48, 4, 186, 216, 92, 159, 72, 129, 152, 150, 55, 15, 103, 8, 23, 226, 236, 208, 176, 80, 135, 70, 38, 182, 198, 171, 105, 132, 212, 166, 121, 112, 10, 219, 211, 68, 9, 91, 180, 173, 106, 52, 162, 19, 69, 157, 75, 229, 190, 5, 145, 57, 243, 7, 40, 244, 81, 151, 222, 167, 98, 76, 35, 30, 20, 110, 1, 59, 228, 102, 37, 56, 215, 200, 240, 164, 122, 139, 62, 97, 74, 187, 111, 221, 247, 217, 136, 141, 194, 204, 61, 144, 66, 183, 168, 160, 213, 107, 17, 143, 116, 100, 125, 237]","(414.29999999999984, 16710.0)"
3,"[0, 209, 14, 113, 149, 4, 33, 196, 27, 94, 249, 123, 214, 44, 13, 193, 32, 201, 139, 169, 106, 126, 54, 34, 224, 96, 156, 230, 171, 184, 181, 195, 237, 45, 141, 245, 227, 78, 11, 176, 90, 129, 3, 103, 18, 86, 26, 225, 118, 192, 46, 120, 12, 42, 95, 114, 207, 177, 197, 88, 89, 140, 64, 28, 117, 6, 231, 72, 80, 206, 36, 158, 172, 188, 108, 21, 215, 203, 210, 83, 200, 77, 85, 159, 213, 216, 155, 56, 7, 175, 48, 142, 115, 109, 170, 9, 51, 39, 179, 186, 102, 241, 234, 22, 69, 239, 66, 152, 143, 59, 43, 99, 24, 144, 41, 235, 73, 198, 174, 185, 204, 112, 157, 146, 212, 67, 111, 202, 165, 134, 133, 104, 232, 220, 81, 147, 161, 248, 226, 55, 121, 97, 189, 53, 16, 137, 57, 62, 218, 221, 127, 30, 92, 163, 87, 242, 136, 37, 128, 244, 31, 15, 76, 82, 194, 150, 135, 229, 180, 240, 68, 183, 148, 105, 17, 23, 124, 246, 10, 154, 60, 40, 70, 84, 5, 222, 168, 49, 125, 247, 236, 243, 65, 208, 160, 35, 219, 131, 93, 166, 238, 20, 217, 151, 138, 191, 75, 50, 25, 71, 29, 110, 190, 119, 8, 233, 187, 52, 199, 47, 182, 58, 19, 205, 38, 98, 74, 2, 178, 173, 164, 107, 79, 211, 101, 1, 61, 130, 153, 132, 228, 63, 162, 91, 122, 145, 223, 100, 116, 167]","(311.9, 16995.99999999999)"
3,"[0, 230, 210, 126, 120, 34, 214, 11, 201, 51, 169, 96, 85, 27, 206, 72, 33, 193, 192, 22, 104, 179, 249, 227, 248, 3, 137, 45, 90, 113, 209, 4, 86, 225, 115, 171, 204, 148, 158, 6, 114, 155, 241, 44, 190, 181, 42, 203, 43, 123, 146, 59, 64, 185, 144, 220, 207, 195, 234, 53, 89, 170, 149, 77, 117, 184, 18, 99, 87, 69, 172, 31, 133, 32, 224, 95, 196, 112, 134, 83, 14, 176, 156, 189, 202, 216, 140, 231, 26, 46, 55, 142, 82, 232, 174, 75, 198, 78, 13, 127, 226, 200, 54, 139, 197, 188, 67, 106, 108, 191, 12, 21, 235, 129, 233, 177, 178, 71, 245, 103, 47, 94, 242, 24, 118, 68, 28, 65, 135, 217, 80, 175, 186, 60, 173, 237, 180, 154, 97, 163, 25, 239, 76, 73, 16, 215, 109, 23, 138, 84, 219, 132, 41, 81, 30, 48, 49, 40, 157, 39, 128, 98, 37, 19, 101, 143, 236, 161, 7, 151, 165, 119, 1, 213, 168, 111, 8, 125, 10, 92, 243, 131, 70, 246, 211, 57, 36, 136, 147, 150, 56, 238, 205, 221, 244, 50, 229, 29, 208, 247, 124, 74, 88, 5, 15, 105, 63, 130, 35, 240, 116, 153, 121, 166, 199, 20, 107, 100, 167, 218, 38, 58, 122, 2, 17, 222, 160, 194, 152, 79, 162, 62, 91, 228, 141, 110, 187, 9, 93, 183, 212, 145, 223, 182, 66, 159, 164, 52, 102, 61]","(88.79999999999993, 6324.5999999999985)"
3,"[0, 231, 96, 126, 201, 210, 3, 191, 104, 51, 113, 87, 72, 27, 248, 225, 214, 193, 11, 206, 120, 22, 34, 249, 33, 189, 137, 227, 90, 169, 123, 181, 86, 192, 115, 127, 77, 158, 148, 6, 114, 155, 241, 44, 190, 4, 42, 203, 45, 209, 146, 59, 64, 185, 95, 53, 207, 174, 235, 21, 89, 170, 149, 204, 117, 184, 18, 47, 85, 224, 172, 118, 78, 32, 197, 144, 84, 54, 242, 83, 196, 134, 156, 230, 202, 216, 140, 82, 198, 26, 188, 142, 43, 12, 195, 128, 67, 70, 13, 179, 171, 8, 39, 139, 69, 94, 46, 106, 36, 161, 232, 108, 92, 112, 233, 177, 178, 71, 245, 103, 99, 133, 229, 24, 31, 68, 28, 65, 49, 176, 109, 175, 186, 220, 57, 237, 180, 154, 97, 163, 25, 239, 76, 73, 16, 10, 80, 129, 138, 14, 219, 132, 41, 81, 30, 48, 55, 40, 205, 135, 222, 98, 157, 1, 101, 143, 236, 226, 7, 247, 165, 119, 23, 213, 66, 29, 200, 125, 215, 234, 243, 131, 173, 91, 211, 88, 75, 62, 147, 150, 56, 136, 37, 63, 244, 151, 15, 111, 221, 50, 124, 19, 166, 5, 217, 105, 218, 141, 107, 240, 102, 153, 121, 74, 199, 20, 35, 100, 167, 208, 17, 58, 122, 2, 38, 238, 160, 194, 152, 79, 212, 187, 246, 228, 130, 110, 223, 9, 162, 183, 93, 159, 60, 182, 168, 145, 164, 52, 116, 61]","(213.89999999999975, 7065.5999999999985)"
3,"[0, 248, 214, 72, 33, 120, 22, 11, 169, 51, 206, 201, 87, 27, 210, 96, 3, 193, 192, 249, 104, 179, 34, 126, 227, 230, 137, 45, 90, 113, 209, 4, 86, 225, 115, 171, 77, 158, 148, 6, 114, 155, 241, 44, 190, 181, 42, 203, 43, 123, 146, 59, 64, 185, 95, 53, 207, 195, 235, 21, 89, 170, 149, 204, 117, 184, 18, 99, 85, 197, 172, 118, 133, 32, 224, 144, 14, 54, 176, 83, 196, 134, 156, 189, 202, 216, 140, 231, 26, 46, 39, 142, 226, 232, 174, 128, 198, 78, 13, 82, 127, 200, 188, 139, 69, 94, 67, 106, 108, 191, 12, 36, 234, 129, 233, 177, 178, 71, 245, 103, 47, 112, 242, 24, 31, 68, 28, 65, 49, 217, 80, 175, 186, 220, 57, 237, 180, 154, 97, 163, 25, 239, 76, 73, 16, 215, 109, 23, 138, 84, 219, 132, 41, 81, 30, 48, 55, 40, 205, 135, 75, 98, 37, 166, 101, 143, 236, 161, 7, 247, 165, 119, 88, 213, 168, 111, 8, 125, 10, 92, 243, 131, 70, 91, 211, 173, 238, 136, 147, 150, 56, 60, 157, 221, 244, 151, 229, 29, 208, 50, 124, 19, 1, 5, 15, 105, 63, 130, 35, 240, 102, 153, 121, 74, 199, 20, 107, 100, 167, 218, 17, 58, 122, 2, 38, 222, 160, 194, 152, 79, 162, 187, 246, 228, 141, 110, 223, 9, 93, 183, 212, 159, 62, 182, 66, 145, 164, 52, 116, 61]","(32.50000000000004, 1593.2000000000016)"
4,"[0, 72, 214, 248, 33, 120, 22, 11, 169, 51, 206, 201, 87, 27, 210, 3, 96, 193, 192, 249, 104, 179, 34, 126, 227, 230, 137, 45, 90, 113, 209, 4, 86, 225, 115, 171, 77, 158, 148, 6, 114, 155, 241, 44, 190, 181, 42, 203, 43, 123, 146, 59, 64, 185, 95, 53, 207, 195, 235, 21, 89, 170, 149, 204, 117, 184, 18, 99, 85, 197, 172, 118, 133, 32, 224, 144, 14, 54, 176, 83, 196, 134, 156, 189, 202, 216, 140, 231, 26, 46, 39, 142, 226, 232, 174, 128, 198, 78, 13, 82, 127, 200, 188, 139, 69, 94, 67, 106, 108, 191, 12, 36, 234, 129, 233, 177, 178, 71, 245, 103, 47, 112, 242, 24, 31, 68, 28, 65, 49, 217, 80, 175, 186, 220, 57, 237, 180, 154, 97, 163, 25, 239, 76, 73, 16, 215, 109, 23, 138, 84, 219, 132, 41, 81, 30, 48, 55, 40, 205, 135, 75, 98, 37, 166, 101, 143, 236, 161, 7, 247, 165, 119, 88, 213, 168, 111, 8, 125, 10, 92, 243, 131, 70, 91, 211, 173, 238, 136, 147, 150, 56, 60, 157, 221, 244, 151, 229, 29, 208, 50, 124, 19, 1, 5, 15, 105, 63, 130, 35, 240, 102, 153, 121, 74, 199, 20, 107, 100, 167, 218, 17, 58, 122, 2, 38, 222, 160, 194, 152, 79, 162, 187, 246, 228, 141, 110, 223, 9, 93, 183, 212, 159, 62, 182, 66, 145, 164, 52, 116, 61]","(32.10000000000004, 1589.5000000000018)"
4,"[0, 72, 214, 248, 33, 120, 22, 11, 169, 51, 206, 201, 87, 27, 210, 96, 3, 193, 192, 249, 104, 179, 34, 126, 227, 230, 137, 45, 90, 113, 209, 4, 86, 225, 115, 171, 77, 158, 148, 6, 114, 155, 241, 44, 190, 181, 42, 203, 43, 123, 146, 59, 64, 185, 95, 53, 207, 195, 235, 21, 89, 170, 149, 204, 117, 184, 18, 99, 85, 197, 172, 118, 133, 32, 224, 144, 14, 54, 176, 83, 196, 134, 156, 189, 202, 216, 140, 231, 26, 46, 39, 142, 226, 232, 174, 128, 198, 78, 13, 82, 127, 200, 188, 139, 69, 94, 67, 106, 108, 191, 12, 36, 234, 129, 233, 177, 178, 71, 245, 103, 47, 112, 242, 24, 31, 68, 28, 65, 49, 217, 80, 175, 186, 220, 57, 237, 180, 154, 97, 163, 25, 239, 76, 73, 16, 215, 109, 23, 138, 84, 219, 132, 41, 81, 30, 48, 55, 40, 205, 135, 75, 98, 37, 166, 101, 143, 236, 161, 7, 247, 165, 119, 88, 213, 168, 111, 8, 125, 10, 92, 243, 131, 70, 91, 211, 173, 238, 136, 147, 150, 56, 60, 157, 221, 244, 151, 229, 29, 208, 50, 124, 19, 1, 5, 15, 105, 63, 130, 35, 240, 102, 153, 121, 74, 199, 20, 107, 100, 167, 218, 17, 58, 122, 2, 38, 222, 160, 194, 152, 79, 162, 187, 246, 228, 141, 110, 223, 9, 93, 183, 212, 159, 62, 182, 66, 145, 164, 52, 116, 61]","(32.50000000000004, 1586.7000000000016)"
4,"[0, 72, 214, 248, 33, 120, 22, 11, 169, 51, 206, 201, 87, 27, 210, 96, 3, 193, 192, 249, 104, 179, 34, 126, 230, 227, 137, 45, 90, 113, 209, 4, 86, 225, 115, 171, 77, 158, 6, 148, 114, 155, 241, 44, 190, 181, 42, 203, 43, 123, 59, 146, 64, 185, 95, 53, 207, 195, 235, 21, 89, 170, 149, 204, 117, 184, 18, 99, 85, 197, 172, 118, 133, 32, 224, 144, 14, 54, 176, 83, 196, 134, 156, 189, 202, 216, 140, 231, 26, 46, 39, 142, 226, 232, 174, 128, 198, 78, 13, 82, 127, 200, 188, 139, 69, 94, 67, 106, 108, 191, 12, 36, 234, 129, 233, 177, 178, 71, 245, 103, 47, 112, 242, 24, 31, 68, 28, 65, 49, 217, 80, 175, 186, 220, 57, 237, 180, 154, 97, 163, 25, 239, 76, 73, 16, 215, 109, 23, 138, 84, 219, 132, 41, 81, 30, 48, 55, 40, 205, 135, 75, 98, 37, 166, 101, 143, 236, 161, 7, 247, 165, 119, 88, 213, 168, 111, 8, 125, 10, 92, 243, 131, 70, 91, 211, 173, 238, 136, 147, 150, 56, 60, 157, 221, 244, 151, 229, 29, 208, 50, 124, 19, 1, 5, 15, 105, 63, 130, 35, 240, 102, 153, 121, 74, 199, 20, 107, 100, 167, 218, 17, 58, 122, 2, 38, 222, 160, 61, 152, 79, 162, 187, 246, 228, 141, 110, 223, 9, 93, 183, 212, 159, 62, 182, 66, 145, 164, 52, 116, 194]","(33.80000000000004, 1577.9000000000017)"
4,"[0, 72, 214, 248, 33, 120, 22, 11, 169, 51, 206, 201, 87, 27, 210, 96, 3, 193, 192, 249, 104, 179, 34, 126, 230, 227, 137, 45, 90, 113, 209, 4, 86, 225, 115, 171, 77, 158, 148, 6, 114, 155, 241, 44, 190, 181, 42, 203, 43, 123, 59, 146, 64, 185, 95, 53, 207, 195, 235, 21, 89, 170, 149, 204, 117, 184, 18, 99, 85, 197, 172, 118, 133, 32, 224, 144, 14, 54, 176, 83, 196, 134, 156, 189, 202, 216, 140, 231, 26, 46, 39, 142, 226, 232, 174, 128, 198, 78, 13, 82, 127, 200, 188, 139, 69, 94, 67, 106, 108, 191, 12, 36, 234, 129, 233, 177, 178, 71, 245, 103, 47, 112, 242, 24, 31, 68, 28, 65, 49, 217, 80, 175, 186, 220, 57, 237, 180, 154, 97, 163, 25, 239, 76, 73, 16, 215, 109, 23, 138, 84, 219, 132, 41, 81, 30, 48, 55, 40, 205, 135, 75, 98, 37, 166, 101, 143, 236, 161, 7, 247, 165, 119, 88, 213, 168, 111, 8, 125, 10, 92, 243, 131, 70, 91, 211, 173, 238, 136, 147, 150, 56, 60, 157, 221, 244, 151, 229, 29, 208, 50, 124, 19, 1, 5, 15, 105, 63, 130, 35, 240, 102, 153, 121, 74, 199, 20, 107, 100, 167, 218, 17, 58, 122, 2, 38, 222, 160, 194, 152, 79, 162, 187, 246, 228, 141, 110, 223, 9, 93, 183, 212, 159, 62, 182, 66, 145, 164, 52, 116, 61]","(32.000000000000036, 1582.3000000000015)"
4,"[0, 72, 214, 248, 33, 120, 22, 11, 169, 51, 206, 201, 87, 27, 210, 96, 3, 193, 192, 249, 104, 179, 34, 230, 227, 126, 137, 45, 90, 113, 209, 4, 86, 225, 115, 171, 77, 158, 148, 6, 114, 155, 241, 44, 190, 181, 42, 203, 43, 123, 146, 59, 64, 185, 95, 53, 207, 195, 235, 21, 89, 170, 149, 204, 117, 184, 18, 99, 85, 197, 172, 118, 133, 32, 224, 144, 14, 54, 176, 83, 196, 134, 156, 189, 202, 216, 140, 231, 26, 46, 39, 142, 226, 232, 174, 128, 198, 78, 13, 82, 127, 200, 188, 139, 69, 94, 67, 106, 108, 191, 12, 36, 234, 129, 233, 177, 178, 71, 245, 103, 47, 112, 242, 24, 31, 68, 28, 65, 49, 217, 80, 175, 186, 220, 57, 237, 180, 154, 97, 163, 25, 239, 76, 73, 16, 215, 109, 23, 138, 84, 219, 132, 41, 81, 30, 48, 55, 40, 205, 135, 75, 98, 37, 166, 101, 143, 236, 161, 7, 247, 165, 119, 88, 213, 168, 111, 8, 125, 10, 92, 243, 131, 70, 91, 211, 173, 238, 136, 147, 150, 56, 60, 157, 221, 244, 151, 229, 29, 208, 50, 124, 19, 1, 5, 15, 105, 63, 130, 35, 240, 102, 153, 121, 74, 199, 20, 107, 100, 167, 218, 17, 58, 122, 2, 38, 222, 160, 194, 152, 79, 162, 187, 246, 228, 141, 110, 223, 9, 93, 183, 212, 159, 62, 182, 66, 145, 164, 52, 116, 61]","(32.20000000000004, 1587.3000000000015)"
4,"[0, 72, 214, 248, 33, 120, 22, 11, 169, 51, 206, 210, 87, 27, 201, 96, 3, 193, 192, 249, 104, 179, 34, 126, 227, 230, 137, 45, 90, 113, 209, 4, 86, 225, 115, 171, 77, 158, 148, 6, 114, 155, 241, 44, 190, 181, 42, 203, 43, 123, 146, 59, 64, 185, 95, 53, 207, 195, 235, 21, 89, 170, 149, 204, 117, 184, 18, 99, 85, 197, 172, 118, 133, 32, 224, 144, 14, 54, 176, 83, 196, 134, 156, 189, 202, 216, 140, 231, 26, 46, 39, 142, 226, 232, 174, 128, 198, 78, 13, 82, 127, 200, 188, 139, 69, 94, 67, 106, 108, 191, 12, 36, 234, 129, 233, 177, 178, 71, 245, 103, 47, 112, 242, 24, 31, 68, 28, 65, 49, 217, 80, 175, 186, 220, 57, 237, 180, 154, 97, 163, 25, 239, 76, 73, 16, 215, 109, 23, 138, 84, 219, 132, 41, 81, 30, 48, 55, 40, 205, 135, 75, 98, 37, 166, 101, 143, 236, 161, 7, 247, 165, 119, 88, 213, 168, 111, 8, 125, 10, 92, 243, 131, 70, 91, 211, 173, 238, 136, 147, 150, 56, 60, 157, 221, 244, 151, 229, 29, 208, 50, 124, 19, 1, 5, 15, 105, 63, 130, 35, 240, 102, 153, 121, 74, 199, 20, 107, 100, 167, 218, 17, 58, 122, 2, 38, 222, 160, 194, 152, 79, 162, 187, 246, 228, 141, 110, 223, 9, 93, 183, 212, 159, 62, 182, 66, 145, 164, 52, 116, 61]","(32.30000000000004, 1596.5000000000018)"
4,"[0, 87, 33, 214, 248, 210, 22, 11, 120, 137, 206, 201, 169, 27, 96, 72, 3, 193, 192, 249, 104, 179, 34, 126, 227, 230, 51, 45, 90, 113, 209, 4, 86, 225, 115, 171, 77, 158, 148, 6, 114, 155, 241, 245, 190, 181, 42, 203, 43, 123, 146, 59, 64, 185, 95, 53, 207, 195, 235, 204, 89, 170, 149, 21, 117, 184, 18, 99, 85, 197, 172, 118, 133, 32, 224, 144, 14, 54, 176, 83, 196, 134, 156, 189, 202, 216, 140, 231, 26, 46, 39, 142, 226, 232, 174, 128, 198, 78, 71, 82, 127, 200, 188, 139, 69, 94, 67, 106, 108, 191, 12, 36, 234, 129, 233, 177, 178, 13, 44, 103, 47, 112, 242, 24, 81, 68, 28, 65, 49, 217, 80, 175, 186, 220, 57, 237, 180, 154, 25, 163, 97, 239, 76, 73, 16, 215, 109, 23, 138, 84, 219, 132, 41, 31, 30, 48, 55, 40, 205, 135, 75, 98, 37, 166, 101, 143, 236, 161, 7, 247, 165, 119, 88, 213, 168, 111, 8, 125, 10, 92, 243, 131, 70, 91, 211, 173, 238, 136, 147, 150, 56, 60, 157, 221, 244, 151, 229, 29, 208, 50, 124, 19, 1, 5, 15, 105, 63, 130, 35, 240, 102, 153, 121, 74, 145, 20, 107, 100, 167, 58, 17, 218, 183, 2, 38, 222, 160, 194, 152, 79, 162, 187, 246, 228, 141, 110, 223, 9, 93, 122, 212, 159, 62, 182, 66, 199, 164, 52, 116, 61]","(41.400000000000034, 2538.3999999999996)"
4,"[0, 87, 179, 22, 27, 39, 51, 230, 206, 197, 11, 249, 214, 210, 33, 72, 201, 3, 137, 85, 34, 193, 120, 126, 227, 169, 248, 216, 59, 113, 4, 209, 86, 225, 115, 171, 77, 158, 148, 6, 114, 155, 241, 44, 207, 181, 42, 203, 43, 123, 191, 129, 64, 184, 95, 53, 190, 195, 235, 97, 89, 170, 204, 149, 117, 185, 18, 99, 96, 192, 172, 118, 178, 32, 224, 144, 14, 54, 176, 83, 196, 21, 156, 189, 202, 231, 134, 45, 26, 46, 104, 142, 226, 128, 174, 232, 76, 13, 78, 82, 112, 200, 188, 139, 37, 94, 67, 106, 108, 103, 12, 31, 234, 90, 233, 177, 237, 71, 245, 146, 236, 127, 242, 24, 49, 68, 198, 65, 36, 217, 80, 219, 186, 133, 57, 154, 180, 73, 140, 163, 25, 74, 28, 211, 16, 48, 109, 23, 138, 84, 175, 166, 41, 81, 30, 215, 55, 2, 205, 135, 75, 98, 69, 132, 101, 218, 47, 161, 7, 247, 165, 119, 88, 213, 131, 111, 8, 125, 10, 92, 243, 168, 70, 91, 220, 173, 93, 136, 147, 244, 56, 60, 150, 221, 157, 20, 229, 29, 208, 121, 124, 162, 1, 199, 15, 105, 63, 130, 228, 145, 102, 153, 50, 239, 5, 151, 107, 100, 167, 143, 17, 58, 122, 40, 38, 222, 160, 194, 152, 79, 52, 187, 246, 35, 141, 110, 223, 9, 238, 183, 212, 159, 62, 116, 66, 240, 164, 19, 182, 61]","(105.29999999999994, 7679.699999999999)"
4,"[0, 115, 206, 72, 126, 214, 225, 87, 22, 155, 210, 227, 45, 11, 192, 120, 169, 230, 108, 193, 104, 85, 158, 3, 248, 114, 137, 148, 216, 113, 209, 144, 86, 179, 226, 27, 77, 34, 96, 6, 249, 51, 241, 44, 190, 99, 42, 181, 43, 123, 146, 201, 64, 231, 178, 53, 207, 195, 235, 21, 89, 170, 149, 204, 157, 128, 18, 191, 33, 197, 172, 118, 133, 234, 224, 171, 14, 54, 176, 83, 233, 134, 156, 189, 202, 90, 140, 39, 117, 46, 185, 81, 4, 57, 174, 184, 103, 78, 13, 82, 127, 200, 188, 129, 186, 220, 67, 142, 177, 203, 12, 36, 32, 94, 95, 175, 143, 71, 245, 198, 47, 26, 242, 24, 106, 68, 28, 49, 65, 217, 80, 59, 69, 139, 236, 125, 180, 154, 97, 163, 25, 239, 76, 73, 205, 215, 109, 23, 138, 84, 219, 132, 41, 141, 30, 48, 111, 40, 16, 135, 75, 98, 211, 29, 101, 196, 238, 161, 7, 247, 165, 124, 88, 221, 168, 55, 8, 237, 10, 147, 243, 131, 232, 2, 37, 173, 183, 31, 92, 150, 56, 60, 112, 121, 244, 151, 223, 166, 208, 50, 119, 19, 1, 5, 20, 105, 63, 130, 35, 240, 52, 153, 91, 74, 116, 15, 107, 100, 167, 194, 17, 58, 122, 145, 38, 246, 160, 70, 152, 79, 162, 187, 222, 228, 136, 110, 229, 9, 93, 218, 212, 159, 62, 182, 66, 213, 164, 102, 199, 61]","(116.60000000000002, 8539.800000000003)"
4,"[0, 134, 27, 17, 206, 99, 6, 128, 115, 60, 24, 120, 94, 230, 156, 113, 170, 217, 72, 163, 8, 181, 172, 210, 176, 33, 237, 53, 11, 123, 78, 192, 184, 114, 32, 34, 180, 43, 82, 155, 233, 195, 37, 77, 39, 90, 12, 139, 131, 83, 87, 14, 64, 220, 95, 171, 47, 127, 214, 231, 147, 248, 189, 45, 18, 169, 112, 232, 144, 201, 191, 124, 158, 117, 86, 67, 118, 227, 13, 129, 30, 98, 35, 49, 249, 216, 241, 234, 130, 245, 96, 142, 19, 42, 89, 93, 51, 54, 185, 174, 207, 25, 168, 165, 244, 148, 204, 106, 235, 97, 3, 224, 238, 28, 193, 150, 178, 209, 63, 177, 196, 107, 166, 56, 225, 69, 7, 202, 44, 173, 108, 179, 186, 75, 26, 190, 22, 85, 137, 41, 104, 76, 182, 246, 15, 215, 226, 141, 146, 212, 103, 136, 109, 197, 243, 183, 21, 46, 80, 62, 200, 198, 239, 50, 219, 240, 65, 161, 138, 164, 133, 154, 126, 213, 152, 29, 40, 110, 52, 125, 70, 162, 145, 81, 143, 36, 140, 102, 16, 149, 88, 79, 247, 228, 218, 84, 2, 236, 121, 116, 175, 199, 119, 9, 211, 31, 20, 160, 221, 205, 5, 61, 59, 74, 66, 68, 100, 242, 55, 92, 167, 135, 122, 4, 151, 222, 111, 194, 157, 132, 10, 187, 91, 71, 153, 57, 229, 101, 208, 38, 23, 159, 105, 188, 58, 1, 73, 223, 203, 48]","(371.79999999999984, 16566.300000000003)"
4,"[0, 158, 214, 193, 11, 248, 86, 192, 169, 87, 206, 3, 72, 27, 210, 179, 90, 33, 120, 22, 249, 96, 34, 126, 201, 230, 137, 45, 227, 155, 209, 51, 104, 225, 115, 171, 77, 4, 148, 6, 114, 113, 241, 44, 190, 18, 42, 203, 43, 123, 146, 59, 64, 185, 95, 53, 207, 195, 235, 21, 89, 170, 149, 204, 117, 198, 181, 99, 85, 197, 127, 118, 133, 32, 224, 144, 14, 54, 176, 83, 196, 134, 156, 189, 94, 216, 140, 231, 26, 46, 39, 142, 226, 232, 174, 128, 184, 78, 13, 82, 172, 200, 188, 139, 69, 24, 109, 36, 108, 191, 12, 106, 234, 129, 233, 177, 103, 71, 245, 178, 47, 112, 81, 202, 31, 68, 28, 65, 49, 217, 80, 175, 186, 220, 57, 237, 180, 154, 97, 163, 25, 239, 150, 73, 16, 215, 67, 23, 138, 84, 219, 132, 41, 242, 30, 48, 55, 7, 205, 135, 92, 98, 37, 166, 101, 143, 236, 161, 40, 247, 165, 119, 88, 213, 168, 111, 10, 125, 8, 75, 243, 131, 70, 74, 211, 173, 238, 136, 147, 76, 102, 60, 157, 221, 244, 151, 229, 29, 208, 50, 124, 19, 1, 5, 15, 105, 63, 130, 35, 240, 56, 153, 121, 91, 199, 20, 107, 100, 167, 218, 17, 58, 122, 2, 38, 222, 160, 194, 152, 61, 162, 187, 246, 228, 141, 110, 223, 9, 93, 183, 212, 159, 62, 182, 66, 145, 164, 52, 116, 79]","(115.39999999999986, 3924.399999999996)"
4,"[0, 175, 22, 73, 174, 27, 189, 104, 202, 11, 156, 53, 225, 176, 4, 170, 77, 144, 155, 248, 178, 179, 171, 231, 96, 83, 193, 14, 90, 108, 158, 100, 241, 99, 115, 82, 192, 177, 46, 6, 33, 190, 67, 211, 69, 72, 42, 224, 245, 227, 184, 71, 64, 219, 196, 111, 139, 87, 94, 21, 24, 150, 142, 210, 172, 233, 18, 209, 228, 249, 129, 86, 3, 39, 181, 246, 125, 128, 201, 134, 120, 232, 8, 133, 239, 123, 216, 32, 113, 44, 117, 132, 78, 80, 206, 2, 169, 59, 25, 88, 26, 161, 29, 84, 12, 34, 149, 51, 194, 140, 30, 118, 47, 114, 81, 234, 207, 152, 200, 154, 37, 137, 180, 235, 31, 214, 103, 126, 121, 217, 7, 60, 148, 244, 76, 131, 242, 89, 36, 101, 127, 203, 236, 79, 102, 143, 13, 95, 188, 186, 92, 191, 230, 28, 74, 45, 195, 237, 229, 135, 165, 226, 62, 163, 204, 145, 162, 107, 98, 238, 106, 119, 157, 138, 168, 68, 146, 243, 97, 19, 182, 9, 70, 54, 40, 20, 159, 43, 61, 151, 141, 10, 185, 23, 85, 105, 57, 199, 38, 65, 124, 112, 35, 58, 15, 41, 63, 247, 48, 50, 215, 166, 130, 17, 213, 16, 136, 220, 221, 223, 109, 5, 122, 218, 208, 198, 222, 91, 110, 173, 75, 187, 164, 212, 55, 240, 66, 153, 93, 147, 183, 116, 49, 56, 205, 1, 160, 52, 197, 167]","(394.69999999999993, 16589.7)"
4,"[0, 201, 216, 169, 65, 235, 137, 190, 176, 86, 99, 206, 202, 214, 118, 96, 59, 209, 184, 34, 140, 248, 133, 114, 144, 249, 4, 234, 3, 95, 197, 126, 189, 45, 195, 22, 77, 113, 13, 6, 115, 21, 108, 185, 39, 44, 42, 224, 90, 110, 231, 72, 227, 16, 203, 154, 179, 233, 7, 193, 55, 89, 47, 204, 226, 158, 18, 181, 33, 155, 172, 210, 11, 32, 230, 146, 148, 188, 12, 192, 104, 237, 156, 53, 174, 14, 48, 218, 26, 85, 225, 170, 117, 123, 242, 128, 161, 87, 38, 82, 178, 94, 163, 78, 25, 171, 67, 80, 241, 68, 131, 222, 24, 147, 100, 213, 83, 143, 23, 103, 46, 180, 27, 43, 31, 191, 5, 207, 134, 205, 159, 175, 36, 139, 49, 57, 198, 97, 127, 54, 120, 196, 212, 73, 149, 81, 177, 15, 132, 93, 2, 101, 150, 30, 122, 64, 92, 20, 217, 35, 75, 173, 232, 162, 76, 142, 186, 247, 112, 40, 165, 105, 88, 109, 29, 28, 238, 63, 71, 245, 243, 69, 200, 119, 183, 102, 106, 211, 129, 51, 61, 208, 50, 168, 244, 62, 229, 220, 37, 56, 199, 219, 1, 41, 121, 187, 157, 166, 19, 215, 98, 153, 141, 74, 17, 239, 130, 60, 228, 138, 194, 91, 84, 221, 10, 246, 66, 70, 152, 107, 9, 135, 8, 111, 236, 124, 116, 58, 136, 151, 52, 79, 240, 182, 160, 145, 164, 167, 223, 125]","(437.3000000000001, 14357.8)"
4,"[0, 225, 200, 201, 224, 113, 231, 155, 137, 148, 196, 22, 54, 114, 34, 142, 192, 80, 207, 203, 179, 24, 235, 6, 204, 214, 109, 90, 202, 86, 209, 176, 120, 140, 42, 83, 77, 39, 51, 46, 43, 157, 241, 72, 78, 115, 185, 206, 18, 233, 33, 59, 156, 230, 21, 171, 152, 249, 169, 40, 89, 68, 234, 158, 237, 177, 197, 87, 188, 161, 226, 216, 32, 126, 112, 172, 85, 27, 128, 227, 210, 102, 154, 170, 190, 144, 41, 181, 186, 44, 248, 55, 118, 30, 149, 217, 70, 146, 71, 81, 11, 189, 14, 139, 69, 94, 67, 56, 108, 37, 12, 36, 174, 123, 133, 23, 198, 4, 221, 13, 106, 10, 219, 19, 220, 28, 193, 3, 49, 125, 168, 103, 26, 205, 232, 180, 129, 121, 215, 66, 63, 47, 127, 60, 65, 151, 96, 117, 240, 84, 183, 1, 222, 104, 134, 88, 95, 184, 239, 135, 173, 97, 45, 195, 191, 178, 162, 246, 130, 153, 57, 119, 228, 213, 229, 48, 16, 164, 131, 101, 99, 2, 124, 9, 211, 166, 238, 187, 147, 122, 242, 136, 244, 73, 53, 17, 132, 247, 208, 61, 105, 110, 165, 5, 31, 141, 64, 223, 35, 175, 143, 75, 25, 194, 100, 107, 138, 182, 167, 116, 82, 58, 91, 150, 38, 7, 92, 159, 111, 79, 160, 15, 163, 74, 98, 243, 236, 93, 245, 20, 212, 29, 62, 76, 199, 145, 8, 52, 218, 50]","(217.60000000000005, 15119.500000000002)"
5,"[0, 46, 203, 104, 215, 201, 189, 6, 172, 193, 184, 27, 133, 86, 18, 126, 196, 3, 170, 113, 231, 34, 204, 179, 239, 96, 72, 39, 195, 169, 158, 64, 224, 190, 149, 227, 232, 120, 81, 209, 185, 155, 26, 127, 188, 181, 241, 78, 77, 112, 137, 216, 45, 42, 117, 53, 32, 44, 235, 99, 148, 14, 11, 128, 33, 225, 249, 21, 85, 245, 168, 208, 230, 49, 248, 144, 103, 115, 83, 206, 51, 242, 91, 226, 202, 4, 237, 214, 154, 108, 210, 8, 101, 171, 118, 22, 116, 233, 13, 90, 197, 48, 69, 82, 84, 198, 76, 106, 163, 54, 95, 36, 114, 35, 139, 119, 178, 213, 175, 67, 40, 19, 134, 174, 111, 68, 50, 109, 31, 156, 15, 47, 186, 59, 57, 43, 220, 124, 153, 89, 25, 1, 150, 60, 142, 140, 200, 123, 159, 87, 244, 41, 131, 234, 30, 56, 223, 191, 180, 135, 75, 29, 132, 147, 192, 229, 165, 161, 129, 71, 246, 240, 88, 73, 12, 217, 16, 7, 145, 176, 199, 52, 94, 141, 92, 9, 125, 136, 146, 247, 211, 65, 102, 17, 219, 167, 151, 80, 24, 63, 187, 23, 37, 100, 212, 105, 122, 130, 205, 177, 218, 98, 236, 221, 97, 28, 107, 238, 138, 70, 194, 74, 162, 10, 110, 222, 79, 5, 152, 160, 58, 243, 121, 228, 62, 164, 157, 66, 2, 143, 55, 20, 93, 166, 183, 207, 38, 173, 182, 61]","(206.00000000000006, 14914.100000000008)"
5,"[0, 51, 6, 248, 192, 169, 11, 193, 54, 120, 22, 206, 90, 209, 118, 96, 249, 201, 87, 235, 45, 179, 104, 126, 148, 133, 137, 27, 3, 72, 214, 181, 86, 225, 115, 232, 77, 158, 227, 33, 114, 155, 178, 44, 190, 146, 42, 203, 43, 196, 174, 128, 64, 185, 95, 4, 207, 195, 34, 156, 113, 170, 149, 204, 117, 184, 18, 99, 85, 197, 172, 210, 230, 32, 224, 144, 14, 89, 176, 83, 123, 134, 21, 189, 202, 216, 140, 39, 26, 46, 231, 142, 198, 171, 53, 59, 226, 78, 13, 82, 127, 200, 188, 139, 69, 94, 12, 106, 108, 191, 67, 36, 234, 129, 233, 177, 241, 71, 37, 103, 47, 243, 168, 70, 31, 68, 28, 65, 135, 217, 186, 175, 80, 220, 1, 237, 180, 154, 97, 244, 25, 239, 52, 73, 16, 61, 19, 102, 138, 84, 219, 132, 41, 81, 30, 48, 55, 62, 205, 49, 75, 157, 245, 50, 40, 222, 194, 151, 7, 38, 165, 111, 136, 213, 242, 119, 8, 145, 92, 10, 112, 66, 24, 91, 101, 173, 160, 150, 147, 208, 88, 76, 98, 221, 163, 35, 161, 29, 236, 166, 215, 109, 57, 223, 15, 105, 229, 130, 63, 240, 23, 162, 5, 107, 199, 20, 164, 100, 167, 218, 17, 58, 122, 2, 79, 143, 238, 212, 152, 247, 246, 187, 153, 228, 141, 110, 60, 93, 9, 183, 56, 159, 211, 182, 131, 125, 74, 124, 116, 121]","(255.79999999999976, 8348.000000000005)"
5,"[0, 72, 214, 248, 33, 120, 22, 11, 169, 51, 201, 210, 87, 27, 206, 3, 96, 193, 192, 249, 104, 179, 34, 126, 227, 230, 137, 45, 90, 113, 209, 4, 86, 225, 115, 171, 77, 158, 148, 6, 114, 155, 241, 44, 190, 181, 42, 203, 43, 123, 146, 59, 64, 185, 95, 53, 207, 195, 235, 21, 89, 170, 149, 204, 117, 184, 18, 99, 85, 197, 172, 118, 133, 32, 224, 144, 14, 54, 176, 83, 196, 134, 156, 189, 202, 216, 140, 231, 26, 46, 39, 142, 226, 232, 174, 128, 198, 78, 13, 82, 127, 200, 188, 139, 69, 94, 67, 106, 108, 191, 12, 36, 234, 129, 233, 177, 178, 71, 245, 103, 47, 112, 242, 24, 31, 68, 28, 65, 49, 217, 80, 175, 186, 220, 57, 237, 180, 154, 97, 163, 25, 239, 76, 73, 16, 215, 109, 23, 138, 84, 219, 132, 41, 81, 30, 48, 55, 40, 205, 135, 75, 98, 37, 166, 101, 143, 236, 161, 7, 247, 165, 119, 88, 213, 168, 111, 8, 125, 10, 92, 243, 131, 70, 91, 211, 173, 238, 136, 147, 150, 56, 60, 157, 244, 221, 151, 229, 29, 208, 50, 124, 19, 1, 5, 15, 105, 63, 130, 35, 240, 102, 153, 121, 74, 199, 20, 107, 100, 167, 218, 17, 58, 122, 2, 38, 222, 160, 194, 152, 79, 162, 187, 246, 228, 141, 110, 223, 9, 93, 183, 212, 159, 62, 182, 66, 145, 164, 52, 116, 61]","(32.00000000000004, 1601.7000000000016)"
5,"[0, 72, 214, 248, 33, 120, 22, 11, 169, 51, 201, 210, 87, 27, 206, 192, 96, 193, 3, 249, 104, 179, 230, 34, 227, 126, 137, 64, 90, 113, 209, 4, 86, 225, 115, 171, 77, 158, 148, 6, 114, 155, 241, 44, 190, 181, 42, 203, 43, 123, 146, 59, 45, 185, 95, 53, 207, 195, 235, 21, 89, 170, 149, 204, 117, 184, 18, 99, 85, 197, 172, 118, 133, 32, 224, 144, 14, 54, 176, 83, 196, 134, 156, 189, 202, 26, 140, 231, 216, 46, 39, 142, 226, 232, 174, 128, 198, 78, 13, 82, 127, 200, 188, 139, 69, 94, 67, 106, 108, 191, 129, 36, 234, 12, 233, 177, 178, 71, 245, 103, 47, 112, 242, 24, 31, 68, 28, 65, 49, 217, 80, 186, 175, 220, 57, 237, 180, 154, 97, 163, 25, 239, 76, 73, 16, 215, 109, 23, 138, 84, 219, 132, 41, 81, 30, 48, 55, 40, 205, 135, 75, 98, 37, 166, 101, 143, 236, 161, 7, 247, 165, 119, 88, 213, 168, 111, 8, 125, 10, 92, 243, 131, 70, 91, 211, 173, 238, 136, 147, 150, 56, 60, 157, 221, 244, 151, 229, 29, 208, 50, 124, 19, 1, 5, 15, 105, 63, 130, 35, 240, 102, 153, 121, 74, 199, 20, 107, 100, 167, 218, 17, 58, 122, 2, 38, 222, 160, 194, 152, 79, 162, 187, 246, 228, 141, 110, 223, 183, 93, 9, 212, 159, 62, 182, 66, 145, 164, 52, 116, 61]","(31.700000000000028, 1675.5000000000016)"
5,"[0, 72, 214, 248, 33, 120, 22, 11, 169, 51, 206, 201, 87, 27, 210, 3, 96, 193, 192, 249, 104, 179, 34, 126, 227, 230, 137, 45, 90, 113, 209, 4, 86, 225, 115, 171, 77, 158, 148, 6, 114, 155, 241, 44, 190, 181, 42, 203, 43, 123, 146, 59, 64, 185, 95, 53, 207, 195, 235, 21, 89, 170, 149, 204, 117, 184, 18, 99, 85, 197, 172, 118, 133, 32, 224, 144, 14, 54, 176, 83, 196, 134, 156, 189, 202, 216, 140, 231, 26, 46, 39, 142, 226, 232, 174, 128, 198, 78, 13, 82, 127, 200, 188, 139, 69, 94, 67, 106, 108, 191, 12, 36, 234, 129, 233, 177, 178, 71, 245, 103, 47, 112, 242, 24, 31, 68, 28, 65, 49, 217, 80, 175, 186, 220, 57, 237, 180, 154, 97, 163, 25, 239, 76, 73, 16, 215, 109, 23, 138, 84, 219, 132, 41, 81, 30, 48, 55, 40, 205, 135, 75, 98, 37, 166, 101, 143, 236, 161, 7, 247, 165, 119, 88, 213, 168, 111, 8, 125, 10, 92, 243, 131, 70, 91, 211, 173, 238, 136, 147, 150, 56, 60, 157, 221, 244, 151, 229, 29, 208, 50, 124, 19, 1, 5, 15, 105, 63, 130, 35, 240, 102, 153, 121, 74, 199, 20, 107, 100, 167, 218, 17, 58, 122, 2, 38, 222, 160, 194, 152, 79, 162, 187, 246, 228, 141, 110, 223, 9, 93, 183, 212, 159, 62, 182, 66, 145, 164, 52, 116, 61]","(32.10000000000004, 1589.5000000000018)"
5,"[0, 72, 214, 248, 33, 120, 22, 11, 169, 51, 206, 201, 87, 27, 210, 3, 96, 193, 192, 249, 104, 179, 34, 126, 227, 230, 137, 45, 90, 113, 209, 4, 86, 225, 115, 171, 77, 158, 148, 6, 114, 241, 155, 44, 190, 181, 42, 203, 43, 123, 146, 59, 64, 185, 95, 53, 207, 195, 235, 21, 89, 170, 149, 204, 117, 184, 18, 99, 85, 197, 172, 118, 133, 32, 224, 144, 14, 54, 176, 83, 196, 134, 156, 189, 202, 216, 140, 231, 26, 46, 39, 142, 226, 232, 174, 128, 198, 78, 13, 82, 127, 200, 188, 139, 69, 94, 67, 106, 108, 191, 12, 36, 234, 129, 233, 177, 178, 71, 245, 103, 47, 112, 242, 24, 31, 68, 28, 65, 49, 217, 80, 175, 186, 220, 57, 237, 180, 154, 97, 163, 25, 239, 76, 73, 16, 215, 109, 23, 138, 84, 219, 132, 41, 81, 30, 48, 55, 40, 205, 135, 75, 98, 37, 166, 101, 143, 236, 161, 7, 247, 165, 119, 88, 213, 168, 111, 8, 125, 10, 92, 243, 131, 70, 91, 211, 173, 238, 136, 147, 150, 56, 60, 157, 221, 244, 151, 229, 29, 208, 50, 124, 19, 1, 5, 15, 105, 63, 130, 35, 240, 102, 153, 121, 74, 199, 20, 107, 100, 167, 218, 17, 58, 122, 2, 38, 222, 160, 194, 152, 79, 162, 187, 246, 228, 141, 110, 223, 9, 93, 183, 212, 159, 62, 182, 66, 145, 164, 52, 116, 61]","(32.000000000000036, 1591.5000000000018)"
5,"[0, 72, 214, 248, 33, 120, 22, 11, 169, 51, 206, 201, 87, 27, 210, 96, 3, 193, 192, 249, 104, 179, 34, 126, 227, 230, 137, 45, 90, 113, 209, 4, 86, 225, 115, 171, 77, 158, 148, 6, 114, 155, 241, 44, 190, 181, 42, 203, 43, 123, 146, 59, 64, 185, 95, 53, 207, 195, 235, 21, 89, 170, 149, 204, 117, 184, 18, 99, 85, 197, 172, 118, 133, 32, 224, 144, 14, 54, 176, 83, 196, 134, 156, 189, 202, 216, 140, 231, 26, 46, 39, 142, 226, 232, 174, 128, 198, 78, 13, 82, 127, 200, 188, 139, 69, 94, 67, 106, 108, 191, 12, 36, 234, 129, 233, 177, 178, 71, 245, 103, 47, 112, 242, 24, 31, 68, 28, 65, 49, 217, 80, 175, 186, 220, 57, 237, 180, 154, 97, 163, 25, 239, 76, 73, 16, 215, 109, 23, 138, 84, 219, 132, 41, 81, 30, 48, 55, 40, 205, 135, 75, 98, 37, 166, 101, 143, 236, 161, 7, 247, 165, 119, 88, 213, 168, 111, 8, 125, 10, 92, 243, 131, 70, 91, 211, 173, 238, 136, 147, 150, 56, 60, 157, 221, 244, 151, 229, 29, 208, 50, 124, 19, 1, 5, 15, 105, 63, 130, 35, 240, 102, 153, 121, 74, 199, 20, 107, 100, 167, 218, 17, 58, 122, 2, 38, 222, 160, 194, 152, 79, 162, 187, 246, 228, 141, 110, 223, 9, 93, 183, 212, 159, 62, 182, 66, 145, 164, 52, 116, 61]","(32.50000000000004, 1586.7000000000016)"
5,"[0, 72, 214, 248, 33, 120, 22, 11, 169, 51, 206, 201, 87, 27, 210, 96, 3, 193, 192, 249, 104, 179, 34, 126, 230, 227, 137, 45, 90, 113, 209, 4, 86, 225, 115, 171, 77, 158, 6, 148, 114, 155, 241, 44, 190, 181, 42, 203, 43, 123, 146, 59, 64, 185, 95, 53, 207, 195, 235, 21, 89, 170, 149, 204, 117, 184, 18, 99, 85, 197, 172, 118, 133, 32, 224, 144, 14, 54, 176, 83, 196, 134, 156, 189, 202, 216, 140, 231, 26, 46, 39, 142, 226, 232, 174, 128, 198, 78, 13, 82, 127, 200, 188, 139, 69, 94, 67, 106, 108, 191, 12, 36, 234, 129, 233, 177, 178, 71, 245, 103, 47, 112, 242, 24, 31, 68, 28, 65, 49, 217, 80, 175, 186, 220, 57, 237, 180, 154, 97, 163, 25, 239, 76, 73, 16, 215, 109, 23, 138, 84, 219, 132, 41, 81, 30, 48, 55, 40, 205, 135, 75, 98, 37, 166, 101, 143, 236, 161, 7, 247, 165, 119, 88, 213, 168, 111, 8, 125, 10, 92, 243, 131, 70, 91, 211, 173, 238, 136, 147, 150, 56, 60, 157, 221, 244, 151, 229, 29, 208, 50, 124, 19, 1, 5, 15, 105, 63, 130, 35, 240, 102, 153, 121, 74, 199, 20, 107, 100, 167, 218, 17, 58, 122, 2, 38, 222, 160, 61, 152, 79, 162, 187, 246, 228, 141, 110, 223, 9, 93, 183, 212, 159, 62, 182, 66, 145, 164, 52, 116, 194]","(34.00000000000004, 1578.100000000002)"
5,"[0, 72, 214, 248, 33, 120, 22, 11, 169, 51, 206, 201, 210, 27, 87, 96, 3, 193, 192, 249, 104, 179, 34, 126, 227, 230, 137, 45, 90, 113, 209, 4, 86, 225, 115, 171, 77, 158, 148, 6, 114, 155, 241, 44, 190, 181, 42, 203, 43, 123, 146, 59, 64, 185, 95, 53, 207, 195, 235, 21, 89, 170, 149, 204, 117, 184, 18, 99, 85, 197, 172, 118, 133, 32, 224, 144, 14, 54, 176, 83, 196, 134, 156, 189, 202, 216, 140, 231, 26, 46, 39, 142, 226, 232, 174, 128, 198, 78, 13, 82, 127, 200, 188, 139, 69, 94, 67, 106, 108, 191, 12, 36, 234, 129, 233, 177, 178, 71, 245, 103, 47, 112, 242, 24, 31, 68, 28, 65, 49, 217, 80, 175, 186, 220, 57, 237, 180, 154, 97, 163, 25, 239, 76, 73, 16, 215, 109, 23, 138, 84, 219, 132, 41, 81, 30, 48, 55, 40, 205, 135, 75, 98, 37, 166, 101, 143, 236, 161, 7, 247, 165, 119, 88, 213, 168, 111, 8, 125, 10, 92, 243, 131, 70, 91, 211, 173, 238, 136, 147, 150, 56, 60, 157, 221, 244, 151, 229, 29, 208, 50, 124, 19, 1, 5, 15, 105, 63, 130, 35, 240, 102, 153, 121, 74, 199, 20, 107, 100, 167, 218, 17, 58, 122, 2, 38, 222, 160, 194, 152, 79, 162, 187, 246, 228, 141, 110, 223, 9, 93, 183, 212, 159, 62, 182, 66, 145, 164, 52, 116, 61]","(32.30000000000004, 1592.5000000000018)"
5,"[0, 72, 214, 248, 33, 120, 22, 11, 169, 51, 206, 201, 210, 87, 27, 96, 193, 3, 192, 249, 104, 179, 34, 126, 227, 230, 137, 45, 90, 113, 209, 4, 86, 225, 115, 171, 77, 158, 148, 6, 114, 155, 241, 44, 190, 181, 42, 203, 43, 146, 123, 59, 64, 185, 95, 53, 207, 195, 235, 21, 89, 170, 149, 204, 117, 184, 18, 99, 85, 197, 172, 118, 133, 32, 224, 144, 14, 54, 176, 83, 196, 134, 156, 189, 202, 216, 140, 231, 26, 46, 39, 142, 226, 232, 174, 128, 198, 78, 13, 82, 127, 200, 188, 139, 69, 94, 67, 106, 108, 191, 12, 36, 234, 129, 233, 177, 178, 71, 245, 103, 47, 112, 242, 24, 31, 68, 28, 65, 49, 217, 80, 175, 186, 220, 57, 237, 180, 154, 97, 163, 25, 239, 76, 73, 16, 215, 109, 23, 138, 84, 219, 132, 41, 81, 30, 48, 55, 40, 205, 135, 75, 98, 37, 166, 101, 143, 236, 161, 7, 247, 165, 119, 88, 213, 168, 111, 8, 125, 10, 92, 243, 131, 70, 91, 211, 173, 238, 136, 147, 150, 56, 60, 157, 221, 244, 151, 229, 29, 208, 50, 124, 19, 1, 5, 15, 35, 63, 130, 105, 240, 102, 153, 121, 74, 199, 20, 107, 100, 167, 218, 17, 58, 122, 2, 38, 222, 160, 194, 152, 79, 162, 187, 246, 228, 141, 110, 223, 9, 93, 183, 212, 159, 62, 182, 66, 145, 164, 52, 116, 61]","(31.800000000000036, 1609.7000000000019)"
5,"[0, 72, 214, 248, 33, 120, 22, 11, 169, 51, 206, 210, 87, 27, 201, 96, 3, 193, 192, 249, 104, 179, 34, 126, 227, 230, 137, 45, 90, 113, 209, 4, 86, 225, 115, 171, 77, 158, 148, 6, 114, 155, 241, 44, 190, 181, 42, 203, 43, 123, 146, 59, 64, 185, 95, 53, 207, 195, 235, 21, 89, 170, 149, 204, 117, 184, 18, 99, 85, 197, 172, 118, 133, 32, 224, 144, 14, 54, 176, 83, 196, 134, 156, 189, 202, 216, 140, 231, 26, 46, 39, 142, 226, 232, 174, 128, 198, 78, 13, 82, 127, 200, 188, 139, 69, 94, 67, 106, 108, 191, 12, 36, 234, 129, 233, 177, 178, 71, 245, 103, 47, 112, 242, 24, 31, 68, 28, 65, 49, 217, 80, 175, 186, 220, 57, 237, 180, 154, 97, 163, 25, 239, 76, 73, 16, 215, 109, 23, 138, 84, 219, 132, 41, 81, 30, 48, 55, 40, 205, 135, 75, 98, 37, 166, 101, 143, 236, 161, 7, 247, 165, 119, 88, 213, 168, 111, 8, 125, 10, 92, 243, 131, 70, 91, 211, 173, 238, 136, 147, 150, 56, 60, 157, 221, 244, 151, 229, 29, 208, 50, 124, 19, 1, 5, 15, 105, 63, 130, 35, 240, 102, 153, 121, 74, 199, 20, 107, 100, 167, 218, 17, 58, 122, 2, 38, 222, 160, 194, 152, 79, 162, 187, 246, 228, 141, 110, 223, 9, 93, 183, 212, 159, 62, 182, 66, 145, 164, 52, 116, 61]","(32.30000000000004, 1596.5000000000018)"
5,"[0, 72, 214, 248, 33, 120, 22, 11, 169, 51, 206, 210, 87, 27, 201, 96, 3, 193, 192, 249, 104, 179, 34, 126, 227, 230, 137, 45, 90, 113, 209, 4, 86, 225, 115, 171, 77, 158, 148, 6, 114, 155, 241, 44, 190, 181, 42, 203, 43, 123, 146, 59, 64, 185, 95, 53, 207, 195, 235, 21, 89, 170, 149, 204, 117, 184, 18, 99, 85, 197, 172, 118, 133, 32, 224, 144, 14, 54, 176, 83, 196, 134, 156, 189, 202, 216, 140, 231, 26, 46, 39, 142, 226, 232, 174, 128, 198, 78, 13, 82, 127, 200, 188, 139, 69, 94, 67, 106, 108, 191, 12, 36, 234, 129, 233, 177, 178, 71, 245, 103, 47, 112, 242, 24, 31, 68, 28, 65, 49, 217, 80, 175, 186, 220, 57, 237, 180, 154, 97, 163, 25, 239, 76, 73, 16, 215, 109, 23, 138, 84, 219, 132, 41, 81, 30, 48, 55, 40, 205, 135, 75, 98, 37, 166, 101, 143, 236, 161, 7, 247, 165, 119, 88, 213, 168, 111, 8, 125, 10, 92, 243, 131, 70, 91, 211, 173, 238, 150, 147, 136, 56, 60, 157, 221, 244, 151, 229, 29, 208, 50, 124, 19, 1, 5, 15, 105, 63, 130, 35, 240, 102, 153, 121, 74, 199, 20, 107, 100, 167, 218, 17, 58, 122, 2, 38, 222, 160, 194, 152, 79, 162, 187, 246, 228, 141, 110, 223, 9, 93, 183, 212, 159, 62, 182, 66, 145, 164, 52, 116, 61]","(32.30000000000004, 1595.6000000000017)"
5,"[0, 155, 176, 33, 97, 3, 32, 77, 226, 192, 236, 123, 26, 6, 21, 193, 11, 99, 209, 223, 126, 186, 214, 216, 210, 82, 148, 85, 201, 14, 249, 106, 120, 24, 50, 161, 132, 197, 44, 206, 204, 158, 224, 27, 136, 43, 165, 225, 127, 4, 58, 227, 239, 137, 174, 207, 87, 140, 51, 86, 18, 42, 231, 178, 118, 205, 160, 45, 234, 89, 171, 156, 112, 13, 114, 144, 181, 117, 90, 108, 64, 233, 230, 96, 202, 185, 142, 95, 55, 167, 39, 166, 10, 180, 200, 177, 113, 133, 66, 237, 12, 248, 28, 83, 131, 31, 188, 199, 119, 22, 81, 56, 68, 129, 41, 149, 138, 146, 212, 34, 74, 69, 198, 169, 54, 65, 53, 189, 203, 128, 219, 151, 115, 78, 71, 232, 179, 245, 241, 173, 228, 103, 76, 183, 15, 215, 211, 190, 220, 29, 222, 25, 124, 104, 194, 121, 98, 46, 59, 36, 40, 184, 246, 7, 105, 30, 5, 154, 72, 141, 235, 242, 208, 49, 168, 93, 238, 48, 9, 94, 92, 218, 38, 100, 52, 134, 195, 88, 135, 70, 217, 60, 75, 91, 221, 16, 147, 247, 152, 23, 111, 20, 63, 139, 62, 187, 101, 130, 84, 172, 150, 162, 182, 47, 196, 1, 107, 175, 229, 35, 159, 8, 2, 102, 67, 79, 116, 153, 80, 170, 163, 73, 157, 243, 17, 37, 110, 145, 143, 244, 109, 240, 125, 191, 213, 122, 164, 61, 19, 57]","(429.50000000000006, 16465.400000000005)"
5,"[0, 190, 14, 249, 197, 210, 196, 193, 133, 96, 134, 87, 180, 169, 176, 33, 239, 201, 46, 192, 36, 137, 170, 171, 21, 225, 85, 126, 12, 120, 16, 214, 112, 34, 67, 114, 59, 204, 241, 89, 179, 198, 206, 57, 3, 209, 235, 86, 54, 51, 94, 244, 77, 26, 68, 27, 156, 242, 22, 200, 127, 154, 207, 90, 32, 113, 109, 45, 202, 4, 247, 48, 248, 129, 158, 232, 44, 231, 82, 227, 226, 191, 72, 189, 149, 216, 69, 115, 144, 148, 83, 123, 118, 128, 172, 8, 155, 146, 234, 10, 142, 49, 188, 65, 95, 224, 195, 135, 108, 19, 245, 6, 13, 42, 233, 99, 104, 71, 174, 152, 175, 92, 28, 136, 181, 140, 199, 31, 53, 15, 47, 131, 55, 106, 121, 165, 230, 117, 81, 151, 39, 43, 56, 103, 208, 64, 139, 23, 122, 240, 132, 110, 1, 246, 91, 187, 70, 222, 205, 182, 186, 147, 30, 80, 102, 143, 73, 5, 217, 88, 150, 84, 178, 76, 238, 220, 24, 18, 215, 163, 243, 79, 107, 161, 185, 9, 125, 58, 203, 7, 162, 60, 98, 221, 25, 228, 211, 219, 78, 159, 119, 183, 75, 168, 17, 62, 41, 38, 35, 63, 141, 166, 229, 97, 111, 20, 11, 218, 173, 101, 130, 167, 236, 29, 138, 50, 160, 194, 40, 105, 52, 237, 153, 212, 37, 213, 223, 164, 93, 116, 177, 184, 66, 74, 100, 145, 157, 2, 124, 61]","(409.70000000000016, 16453.4)"
